Month,SolarRad,TempOut,WindSpeed,OutHum,P_GEN_MAX
1,0,8,4,91,0
1,0,7.5,3,93,0
1,0,7.2,2,93,0
1,0,7.1,3,91,0
1,0,7.4,3,92,0
1,0,7.7,2,92,0
1,0,8.1,2,91,0
1,0,8.2,2,92,0
1,1,8.4,3,92,0
1,34,8.8,2,91,0.019
1,111,9.8,3,88,0.106
1,76,10.1,3,87,0.178
1,103,10.3,2,85,0.061
1,165,10.8,3,83,0.098
1,84,9.8,3,85,0.058
1,51,9.4,2,87,0.025
1,9,9.2,3,89,0.007
1,0,8.8,4,91,0
1,0,8.5,6,93,0
1,0,8.7,6,92,0
1,0,9.2,8,92,0
1,0,9.7,5,94,0
1,0,10.6,5,93,0
1,0,10.7,4,95,0
1,0,10.8,4,95,0
1,0,10.8,4,95,0
1,0,10.8,5,94,0
1,0,10.9,3,93,0
1,0,11.4,6,89,0
1,0,11,7,87,0
1,0,10.2,6,82,0
1,0,9.9,7,86,0
1,0,9.9,5,84,0
1,8,9.6,5,82,0
1,18,8.9,4,82,0.001
1,40,8.6,7,77,0.035
1,212,8.3,4,76,0.155
1,214,8.4,5,73,0.144
1,94,8.3,6,72,0.082
1,60,8.1,5,72,0.025
1,18,7.4,2,75,0.005
1,0,6.4,1,79,0
1,0,6.1,1,80,0
1,0,5.2,1,82,0
1,0,5,2,83,0
1,0,4.7,2,86,0
1,0,4.3,1,87,0
1,0,4.1,1,88,0
1,0,3.7,0,89,0
1,0,4,1,89,0
1,0,3.7,1,90,0
1,0,3.4,0,91,0
1,0,3.3,0,92,0
1,0,3.2,0,92,0
1,0,2.3,0,93,0
1,0,2.4,0,94,0
1,0,1.7,0,94,0
1,20,1.8,0,95,0.001
1,156,5.6,0,91,0.174
1,275,7.5,1,85,0.18
1,297,8.9,1,81,0.176
1,123,9.4,1,81,0.135
1,86,9.1,2,84,0.059
1,54,8.9,2,85,0.023
1,9,8.4,2,87,0.003
1,0,7.9,2,89,0
1,0,7.7,2,90,0
1,0,7.4,2,91,0
1,0,7.6,2,91,0
1,0,7.3,3,94,0
1,0,7.2,1,94,0
1,0,7.2,1,94,0
1,0,-0.6,0,95,0
1,0,-1,0,95,0
1,0,-1.5,0,95,0
1,0,-1.5,0,95,0
1,0,-1.6,0,96,0
1,0,-1.8,0,96,0
1,0,3.3,2,94,0
1,0,3.1,3,90,0
1,2,3.2,3,89,0
1,29,3.6,6,87,0.007
1,153,4.8,7,85,0.18
1,221,5.9,8,85,0.184
1,117,5.6,7,87,0.151
1,70,5.2,6,89,0.032
1,22,5.4,5,90,0.02
1,16,5.1,6,92,0
1,1,5.1,6,94,0
1,0,5.6,5,96,0
1,0,5.6,6,96,0
1,0,5.9,7,96,0
1,0,6.5,7,96,0
1,0,7.2,6,95,0
1,0,7.4,7,95,0
1,0,8.3,6,96,0
1,0,9.1,5,95,0
1,0,9.1,4,90,0
1,0,7.5,4,89,0
1,0,6.7,2,91,0
1,0,6.2,2,93,0
1,0,6,2,93,0
1,0,6.2,2,93,0
1,0,5.7,1,93,0
1,0,5.6,2,94,0
1,19,5.7,1,94,0.005
1,64,6.6,2,87,0.184
1,136,7.4,2,86,0.179
1,37,6.7,3,85,0.031
1,217,7.6,1,89,0.133
1,88,7.6,2,87,0.083
1,33,8.1,3,84,0.034
1,9,7.7,3,86,0.004
1,0,7.3,5,89,0
1,0,7.4,4,90,0
1,0,7.8,4,84,0
1,0,7.4,4,85,0
1,0,7.1,3,87,0
1,0,6.9,4,87,0
1,0,6.3,3,85,0
1,0,6.1,1,84,0
1,0,5.8,1,87,0
1,0,4.9,0,92,0
1,0,4.4,0,93,0
1,0,4.2,0,94,0
1,0,3.8,0,95,0
1,0,2.7,0,95,0
1,0,2.2,0,95,0
1,0,1.8,0,95,0
1,19,1.7,0,96,0.015
1,135,3.8,0,92,0.167
1,198,5.1,1,87,0.178
1,273,5.8,2,82,0.173
1,229,6.3,2,79,0.142
1,141,6.2,2,78,0.078
1,55,5.5,1,80,0.038
1,23,5.2,0,80,0.014
1,0,4.4,0,84,0
1,0,3.8,0,85,0
1,0,3.8,1,84,0
1,0,3.9,1,85,0
1,0,4.4,1,85,0
1,0,4.6,3,86,0
1,0,5,4,90,0
1,0,9.8,6,94,0
1,0,10.1,6,92,0
1,0,9.9,5,92,0
1,0,9.7,4,91,0
1,0,9.7,4,91,0
1,0,9.2,3,89,0
1,0,7.6,3,91,0
1,0,7.2,1,92,0
1,0,7.8,3,92,0
1,11,8.1,3,91,0
1,57,8.4,3,90,0.024
1,112,9,3,88,0.072
1,108,9.6,3,84,0.207
1,38,8.3,2,90,0.15
1,104,9.1,5,86,0.091
1,50,8.9,5,85,0.022
1,14,8.4,6,87,0.017
1,0,8.5,6,87,0
1,0,8.7,6,85,0
1,0,8.9,6,84,0
1,0,8.2,6,90,0
1,0,8.4,6,86,0
1,0,7.7,5,88,0
1,0,7.6,4,92,0
1,0,7.7,5,92,0
1,0,8.1,6,89,0
1,0,8.3,6,88,0
1,0,7.6,5,90,0
1,0,7.7,2,91,0
1,0,7.9,5,87,0
1,0,8,6,86,0
1,0,7.9,5,87,0
1,0,7.6,4,86,0
1,48,7.8,4,87,0.023
1,104,7.9,4,81,0.117
1,56,6.6,2,94,0.047
1,243,8.8,4,87,0.201
1,44,6.8,3,91,0.131
1,75,8.1,3,91,0.059
1,61,8.3,3,88,0.028
1,9,8,2,89,0.013
1,0,7.7,1,92,0
1,0,7.2,2,93,0
1,0,7.2,1,92,0
1,0,7.1,1,94,0
1,0,7.5,2,94,0
1,0,7.4,2,94,0
1,0,7.5,4,94,0
1,0,7.6,4,95,0
1,0,8,3,95,0
1,0,8.3,4,94,0
1,0,7.9,3,94,0
1,0,7.6,4,93,0
1,0,7.5,3,92,0
1,0,7.8,8,90,0
1,0,7.5,6,89,0
1,0,7.3,7,89,0
1,29,7.6,5,87,0.005
1,76,8,7,84,0.075
1,100,8.1,8,87,0.107
1,137,8.7,8,84,0.13
1,94,8.8,7,84,0.032
1,81,8.4,7,86,0.053
1,73,8.2,7,86,0.026
1,43,7.7,9,86,0.013
1,0,7.4,7,86,0
1,0,7.8,8,86,0
1,0,8.1,8,85,0
1,0,7.9,7,86,0
1,0,7.9,6,85,0
1,0,8.2,4,86,0
1,0,8.1,6,86,0
1,0,7.9,5,87,0
1,0,7.8,5,89,0
1,0,7.8,5,90,0
1,0,7.6,5,92,0
1,0,7.3,5,94,0
1,0,7.2,5,95,0
1,0,7.2,5,94,0
1,0,7,5,95,0
1,0,7.1,4,95,0
1,26,7.1,3,94,0.011
1,65,7.5,1,94,0.077
1,104,7.9,1,89,0.146
1,313,8.8,2,80,0.203
1,244,8.6,3,76,0.184
1,185,7.9,2,75,0.102
1,93,7.9,2,73,0.023
1,20,7.2,0,72,0.002
1,0,5.9,0,76,0
1,0,4.7,0,81,0
1,0,4.3,0,82,0
1,0,3.1,0,87,0
1,0,2.6,0,90,0
1,0,3.2,0,90,0
1,0,1.6,0,93,0
1,0,1.7,0,93,0
1,0,1.2,0,95,0
1,0,0.9,0,95,0
1,0,0.7,0,95,0
1,0,0.1,0,95,0
1,0,0.3,0,95,0
1,0,0.1,0,96,0
1,0,-0.1,0,96,0
1,0,-0.2,0,96,0
1,36,0.3,0,97,0.013
1,82,1.2,0,96,0.034
1,144,2.8,0,97,0.07
1,176,4.7,0,95,0.073
1,163,6.7,0,89,0.073
1,123,7.2,0,88,0.052
1,92,7.3,0,89,0.035
1,33,6.4,0,90,0.016
1,1,5.1,0,92,0
1,0,4.3,0,95,0
1,0,3.8,0,95,0
1,0,3.3,0,96,0
1,0,2.6,0,95,0
1,0,2.3,0,96,0
1,0,1.6,0,96,0
1,0,0.2,0,95,0
1,0,-0.4,0,95,0
1,0,-0.3,0,97,0
1,0,-0.3,0,97,0
1,0,-1.1,0,96,0
1,0,-0.3,0,97,0
1,0,0.2,0,97,0
1,0,0.8,0,97,0
1,0,1.3,0,97,0
1,28,1.7,0,97,0.007
1,79,1.8,0,97,0.032
1,98,2.1,0,97,0.051
1,165,3,0,97,0.113
1,278,4.8,2,93,0.143
1,156,5.2,4,90,0.092
1,58,5.8,3,92,0.04
1,13,5.7,3,90,0.004
1,0,5.2,3,90,0
1,0,4.6,4,91,0
1,0,4.2,5,91,0
1,0,4.7,5,90,0
1,0,4.9,5,90,0
1,0,4.9,6,90,0
1,0,5,8,89,0
1,0,3.2,1,84,0
1,0,2.2,0,87,0
1,0,2.2,0,89,0
1,0,2.1,0,90,0
1,0,1.6,0,92,0
1,0,1.4,0,93,0
1,0,1.8,0,93,0
1,0,2.3,0,92,0
1,6,1.9,0,93,0
1,52,2.8,0,92,0.015
1,76,4.1,1,88,0.03
1,127,5.1,3,83,0.056
1,182,6.3,5,82,0.081
1,164,7.1,5,85,0.102
1,141,7.4,5,82,0.065
1,70,7.4,4,84,0.052
1,21,7.1,4,87,0.008
1,0,6.7,4,89,0
1,0,6.4,4,90,0
1,0,6.3,5,90,0
1,0,6.4,6,92,0
1,0,6.3,6,92,0
1,0,6.1,6,94,0
1,0,6.1,6,95,0
1,0,6.1,5,95,0
1,0,6.1,3,96,0
1,0,6.2,3,96,0
1,0,6.3,3,96,0
1,0,6.5,2,96,0
1,0,6.6,1,97,0
1,0,6.7,0,97,0
1,0,6.8,0,97,0
1,0,6.9,3,97,0
1,22,7.3,2,97,0.001
1,37,7.7,0,97,0.008
1,98,8.2,1,97,0.048
1,153,9.1,1,96,0.086
1,163,9.9,2,92,0.139
1,147,10.4,3,88,0.117
1,75,9.6,4,88,0.035
1,14,9.3,5,85,0.02
1,0,9.5,4,83,0
1,0,6,6,87,0
1,0,6.3,6,80,0
1,0,7.1,4,73,0
1,0,5.8,6,75,0
1,0,5.3,5,74,0
1,0,5.1,3,75,0
1,0,4.5,2,77,0
1,0,3.9,1,79,0
1,0,3.8,3,81,0
1,0,3.6,2,82,0
1,0,3.5,2,83,0
1,0,3.1,0,85,0
1,0,3.2,2,86,0
1,0,2.8,5,87,0
1,0,3.3,2,88,0
1,15,4.7,2,87,0
1,37,5.5,5,88,0.005
1,29,7.2,5,88,0.004
1,29,6.6,6,92,0.005
1,31,7.1,7,92,0.009
1,21,7.3,6,95,0
1,23,8.4,5,96,0
1,25,9.4,3,94,0.007
1,0,8,5,84,0
1,0,7.3,3,87,0
1,0,5.3,3,86,0
1,0,3.9,6,89,0
1,0,3.2,2,89,0
1,0,2.6,2,90,0
1,0,2.7,2,88,0
1,0,2.8,2,87,0
1,0,2.7,3,86,0
1,0,2.4,2,85,0
1,0,2.1,2,86,0
1,0,2.1,2,85,0
1,0,2,2,85,0
1,0,1.8,2,85,0
1,0,2.3,2,87,0
1,2,3.1,2,85,0
1,30,3.2,1,90,0.005
1,110,4.4,2,88,0.09
1,188,5.8,2,84,0.198
1,264,7,4,79,0.191
1,134,6.9,3,78,0.115
1,132,7.3,3,75,0.058
1,52,7.3,2,74,0.031
1,10,6.6,1,81,0.012
1,0,5.2,1,89,0
1,0,5.2,1,88,0
1,0,5,2,88,0
1,0,5.1,2,86,0
1,0,4.5,1,88,0
1,0,4.3,2,88,0
1,0,4.5,3,88,0
1,0,4.8,4,89,0
1,0,4.8,5,89,0
1,0,5.1,5,91,0
1,0,5.2,6,92,0
1,0,4.9,5,92,0
1,0,5,4,93,0
1,0,4.6,3,93,0
1,0,4.7,2,94,0
1,2,4.3,3,94,0
1,31,5.1,4,93,0.007
1,83,6.1,5,91,0.085
1,114,6.7,4,88,0.087
1,288,7.8,5,84,0.189
1,116,6.9,5,84,0.153
1,54,7,4,84,0.055
1,53,6.1,3,89,0.064
1,25,4.7,1,94,0.004
1,0,5.1,5,91,0
1,0,5.1,5,93,0
1,0,4.6,3,93,0
1,0,4.2,2,94,0
1,0,5.1,3,94,0
1,0,6.1,6,92,0
1,0,5.6,6,90,0
1,0,3.3,0,95,0
1,0,3.3,0,96,0
1,0,3.4,0,96,0
1,0,3.5,0,96,0
1,0,3.5,0,96,0
1,0,3.4,0,96,0
1,0,3.2,0,96,0
1,0,3.3,0,96,0
1,0,3.4,0,97,0
1,6,3.7,0,96,0
1,27,4.2,0,96,0.003
1,40,4.7,0,96,0.017
1,86,5.8,1,93,0.043
1,69,6.4,1,93,0.049
1,24,5.3,1,94,0.013
1,24,5.4,0,94,0.005
1,1,5.2,0,95,0
1,6,5.1,4,93,0
1,0,5.1,3,93,0
1,0,4.7,1,93,0
1,0,4.2,0,94,0
1,0,4.3,0,95,0
1,0,4.3,3,94,0
1,0,4.1,2,94,0
1,0,3.7,1,94,0
1,0,3,0,95,0
1,0,3.4,3,95,0
1,0,2.7,0,95,0
1,0,2.8,0,96,0
1,0,3.7,1,94,0
1,0,4.1,4,93,0
1,0,4.3,2,94,0
1,8,3.9,4,94,0
1,60,4.3,5,93,0.039
1,79,5.1,7,92,0.058
1,103,5.3,7,92,0.051
1,112,5.4,7,91,0.043
1,61,5.6,7,89,0.031
1,33,5.8,6,90,0.014
1,22,5.9,6,90,0
1,7,5.9,7,90,0
1,0,5.7,8,93,0
1,0,5.9,9,93,0
1,0,6.2,8,94,0
1,0,6.3,7,94,0
1,0,6.7,7,95,0
1,0,7.4,8,94,0
1,0,7.7,9,95,0
2,0,7.9,8,95,0
2,0,8.3,7,95,0
2,0,8.4,7,94,0
2,0,8.8,7,95,0
2,0,8.3,6,90,0
2,0,6.4,2,93,0
2,0,6.3,2,94,0
2,0,6.1,2,91,0
2,1,5.2,3,90,0
2,48,5.3,2,88,0.018
2,101,5.9,3,84,0.088
2,304,7.1,5,66,0.233
2,374,7.8,6,66,0.219
2,368,7.8,6,65,0.186
2,206,7.6,6,73,0.093
2,62,6.9,8,76,0.048
2,39,5.5,5,88,0.026
2,0,5.6,5,89,0.004
2,0,5.7,5,84,0
2,0,5.8,5,88,0
2,0,5.5,6,85,0
2,0,5.5,5,86,0
2,0,5.4,6,87,0
2,0,5.6,5,87,0
2,0,6.3,5,85,0
2,0,6.3,5,84,0
2,0,6.8,4,87,0
2,0,7.3,4,85,0
2,0,7,3,83,0
2,0,6.3,3,86,0
2,0,5.7,2,86,0
2,0,5.3,3,88,0
2,4,5.2,3,91,0
2,33,5.4,2,90,0.02
2,137,6.7,2,84,0.161
2,325,8.4,3,75,0.203
2,399,9.3,3,68,0.201
2,244,9.2,3,67,0.169
2,204,9.9,3,66,0.096
2,106,9.5,3,69,0.034
2,64,8.7,2,73,0.013
2,4,7,2,79,0.012
2,0,6.2,2,84,0
2,0,5.5,2,88,0
2,0,5.3,2,90,0
2,0,5.1,3,91,0
2,0,5.2,3,91,0
2,0,5.2,2,91,0
2,0,5,5,92,0
2,0,5.2,4,92,0
2,0,5.2,6,92,0
2,0,4.9,5,93,0
2,0,5.1,6,93,0
2,0,4.9,5,93,0
2,0,4.8,5,94,0
2,0,4.9,6,94,0
2,11,4.7,6,94,0
2,46,5.5,7,93,0.006
2,98,5.8,9,89,0.074
2,160,6.3,8,87,0.101
2,206,6.6,9,84,0.162
2,123,6.6,8,83,0.104
2,182,7.1,8,77,0.074
2,81,6.6,7,77,0.056
2,40,6.2,5,78,0.013
2,4,5.7,4,78,0
2,0,5.4,6,81,0
2,0,5.8,6,83,0
2,0,5.6,7,85,0
2,0,5.4,8,86,0
2,0,5,7,88,0
2,0,4.8,6,89,0
2,0,5.3,7,88,0
2,0,5.6,6,88,0
2,0,5.3,5,94,0
2,0,5.6,3,94,0
2,0,5.6,3,87,0
2,0,4.9,3,86,0
2,0,4.3,1,89,0
2,0,4.3,2,89,0
2,7,4.9,2,86,0
2,82,5.3,4,87,0.036
2,113,6.6,4,86,0.11
2,178,7.3,5,79,0.129
2,220,7.8,3,81,0.231
2,212,8.1,6,75,0.206
2,136,7.6,6,76,0.116
2,119,7.5,6,76,0.043
2,32,7.1,7,78,0.014
2,2,6.9,7,78,0
2,0,7.4,8,77,0
2,0,7.4,10,77,0
2,0,7.6,11,78,0
2,0,7.3,12,79,0
2,0,7.6,12,77,0
2,0,6.8,13,82,0
2,0,5.9,11,87,0
2,0,5.6,12,89,0
2,0,5.4,12,91,0
2,0,5.4,11,92,0
2,0,5.9,10,91,0
2,0,6.8,9,89,0
2,0,5.5,9,88,0
2,0,6.7,6,87,0
2,3,6.6,7,84,0
2,44,7.5,7,80,0.024
2,120,8.1,9,79,0.065
2,137,7.8,9,80,0.18
2,134,7.8,10,77,0.138
2,56,7.1,11,85,0.046
2,28,6.6,10,91,0.01
2,21,7.3,9,91,0.006
2,7,7.8,6,92,0.019
2,1,8.5,6,86,0
2,0,9.2,6,80,0
2,0,9.1,7,78,0
2,0,8.8,6,76,0
2,0,8.6,6,75,0
2,0,8.4,6,76,0
2,0,7.8,6,78,0
2,0,7.7,5,79,0
2,0,7.7,5,79,0
2,0,7.9,5,80,0
2,0,7.9,5,79,0
2,0,7.4,4,80,0
2,0,7.2,4,80,0
2,0,6.7,2,82,0
2,0,6.5,3,85,0
2,0,6.8,2,91,0
2,29,7.4,4,89,0.004
2,53,7.8,4,87,0.018
2,44,7.6,4,90,0.012
2,61,6.9,4,89,0.033
2,43,6.3,6,92,0.012
2,35,5.3,9,91,0.013
2,19,5.4,9,94,0
2,14,5.6,11,95,0.003
2,0,7.2,8,96,0
2,0,8.8,7,94,0
2,0,9.3,6,93,0
2,0,10.2,6,92,0
2,0,10,4,94,0
2,0,9.5,4,92,0
2,0,8.9,5,91,0
2,0,9.1,7,92,0
2,0,9.4,5,92,0
2,0,9.4,5,92,0
2,0,9.5,7,92,0
2,0,9.3,6,94,0
2,0,9.3,4,95,0
2,0,9.2,2,96,0
2,0,6,5,93,0
2,0,4.4,6,93,0
2,25,3.6,6,92,0.001
2,38,4.1,6,92,0.01
2,92,5.3,5,90,0.032
2,158,6.8,4,85,0.187
2,222,7.8,4,78,0.168
2,139,8.1,5,73,0.12
2,164,8.5,5,67,0.059
2,32,8.2,2,70,0.013
2,4,7,3,73,0
2,0,6.4,2,78,0
2,0,6.2,2,82,0
2,0,7.6,4,81,0
2,0,6.9,5,88,0
2,0,7.4,6,86,0
2,0,7.7,7,85,0
2,0,7.3,8,89,0
2,0,7.2,9,92,0
2,0,7.4,10,93,0
2,0,8,10,93,0
2,0,7.8,10,93,0
2,0,8.1,7,93,0
2,0,8.8,6,89,0
2,0,7.7,4,88,0
2,1,7.1,6,86,0
2,68,6.6,3,90,0.021
2,211,8.8,5,83,0.206
2,220,8.9,7,73,0.229
2,200,7.2,7,79,0.193
2,163,7.3,6,76,0.174
2,162,8.4,7,72,0.138
2,139,6.8,6,77,0.055
2,52,7.2,8,77,0.023
2,3,7.2,7,74,0.005
2,0,5.9,6,85,0
2,0,6.2,7,87,0
2,0,5.7,7,91,0
2,0,5.9,5,91,0
2,0,6.2,6,84,0
2,0,6.4,5,79,0
2,0,6.8,7,76,0
2,0,6.7,6,76,0
2,0,5.9,5,83,0
2,0,6.3,6,80,0
2,0,5.7,5,84,0
2,0,6.2,6,83,0
2,0,6.7,6,80,0
2,0,6.8,6,78,0
2,2,6.9,6,76,0
2,61,6.9,6,76,0.018
2,91,7,7,73,0.04
2,148,7.2,7,72,0.086
2,395,8.3,6,66,0.216
2,278,8.2,6,66,0.188
2,169,8.6,6,59,0.079
2,111,8,5,60,0.091
2,62,7.2,4,66,0.052
2,8,6.7,4,67,0.001
2,0,4.7,3,78,0
2,0,4.3,3,77,0
2,0,4.2,2,82,0
2,0,4.3,2,87,0
2,0,4.2,2,87,0
2,0,3.9,1,90,0
2,0,3.2,0,91,0
2,0,3.1,1,93,0
2,0,3.1,0,94,0
2,0,3.3,0,95,0
2,0,3.6,0,95,0
2,0,3.9,0,96,0
2,0,4.2,0,96,0
2,0,4.5,0,96,0
2,1,5.4,4,96,0
2,19,5.5,3,95,0
2,60,5.8,3,94,0.016
2,43,6.1,2,94,0.021
2,45,6.2,0,94,0.023
2,44,6.2,0,95,0.015
2,127,7.7,1,91,0.11
2,119,8.3,1,87,0.052
2,59,7.6,2,85,0.038
2,17,5.9,2,86,0.027
2,0,4.9,1,88,0
2,0,4.7,1,89,0
2,0,5,1,89,0
2,0,4.7,5,83,0
2,0,4.6,4,83,0
2,0,3.5,1,86,0
2,0,2.8,1,88,0
2,0,2.6,1,90,0
2,0,2.2,1,92,0
2,0,2.3,1,92,0
2,0,2.1,1,92,0
2,0,2.2,2,92,0
2,0,3.1,6,89,0
2,0,4.2,6,88,0
2,5,5.4,5,91,0
2,24,5.9,7,92,0.005
2,28,6.3,9,90,0.005
2,24,6.2,8,92,0.002
2,23,6.5,9,92,0.003
2,81,6.7,5,87,0.04
2,129,6.6,4,84,0.085
2,98,6.8,5,73,0.058
2,35,7.1,3,70,0.011
2,14,6.1,1,73,0.004
2,0,5,1,76,0
2,0,4.2,1,83,0
2,0,4.3,2,83,0
2,0,4.4,2,81,0
2,0,4.3,2,78,0
2,0,3.5,2,81,0
2,0,5.9,5,72,0
2,0,4.3,5,77,0
2,0,4,4,81,0
2,0,4.2,3,81,0
2,0,4.1,3,79,0
2,0,3.8,2,80,0
2,0,3.5,3,83,0
2,0,3.6,6,88,0
2,8,4.3,3,87,0
2,29,3.8,1,92,0
2,163,4.7,2,90,0.174
2,201,5.6,1,89,0.105
2,342,6.9,2,80,0.224
2,295,7.3,4,72,0.163
2,204,7.4,5,62,0.149
2,108,7.1,5,65,0.091
2,51,6.8,5,63,0.019
2,14,5.8,3,68,0.001
2,0,5.2,1,70,0
2,0,4.7,1,73,0
2,0,4.4,2,75,0
2,0,4.2,2,79,0
2,0,3.7,1,82,0
2,0,3.7,2,82,0
2,0,3.4,1,84,0
2,0,3.4,2,85,0
2,0,3.5,1,85,0
2,0,3.3,1,86,0
2,0,3.2,0,88,0
2,0,3.9,3,87,0
2,0,3.9,4,88,0
2,0,4.6,4,90,0
2,7,5.2,5,91,0
2,18,5.2,4,85,0
2,63,4.6,8,88,0.017
2,91,4.8,11,90,0.031
2,43,4.7,12,93,0.04
2,29,5.1,12,94,0.008
2,31,6.4,11,95,0.012
2,8,7.4,9,96,0
2,18,9.4,9,95,0.001
2,1,10,9,93,0
2,0,10.2,9,92,0
2,0,10.9,15,90,0
2,0,11.3,8,82,0
2,0,10.9,10,75,0
2,0,10.7,12,76,0
2,0,10.3,12,78,0
2,0,9.6,12,75,0
2,0,9.1,10,75,0
2,0,8.3,10,80,0
2,0,7.7,8,82,0
2,0,7.6,7,82,0
2,0,8.3,9,75,0
2,0,7.2,7,82,0
2,0,7.8,7,81,0
2,9,7.6,8,78,0
2,99,8.6,7,77,0.055
2,159,9.1,9,72,0.169
2,266,10.2,7,67,0.2
2,311,10.2,8,69,0.228
2,196,9.7,7,72,0.164
2,139,9.8,8,72,0.12
2,118,9.6,7,74,0.058
2,19,6.3,5,87,0.055
2,0,6.3,3,87,0
2,0,6.1,3,87,0
2,0,5.7,2,89,0
2,0,5.4,3,88,0
2,0,5.2,2,88,0
2,0,4.8,1,89,0
2,0,4.2,0,90,0
2,0,7.4,5,90,0
2,0,7.1,3,92,0
2,0,7.1,4,92,0
2,0,6.8,4,93,0
2,0,7.1,4,92,0
2,0,7.2,4,92,0
2,0,7.1,3,91,0
2,4,7.1,4,91,0
2,33,7.5,3,90,0
2,59,7.7,3,92,0.013
2,94,8.3,3,89,0.043
2,134,9.5,3,86,0.076
2,117,9.7,3,86,0.173
2,128,10.2,2,84,0.071
2,89,9.5,3,85,0.086
2,70,9.4,2,87,0.065
2,30,9.1,1,89,0.03
2,0,7.9,2,88,0.006
2,0,6.8,1,91,0
2,0,6.6,0,91,0
2,0,6.4,0,91,0
2,0,5.4,0,93,0
2,0,5.6,0,94,0
2,0,5.1,0,95,0
2,0,4.8,0,96,0
2,0,4.8,1,96,0
2,0,4.2,0,96,0
2,0,4,0,96,0
2,0,3.7,0,96,0
2,0,3.8,0,97,0
2,0,4.2,0,97,0
2,11,4.3,0,97,0
2,44,4.9,0,96,0.026
2,105,5.5,1,95,0.017
2,166,6.9,1,94,0.044
2,276,8.4,1,90,0.116
2,200,8.7,2,89,0.269
2,128,9.1,1,85,0.142
2,162,9.5,2,83,0.082
2,70,9.2,2,84,0.071
2,24,8.8,2,86,0.029
2,0,8.4,1,89,0.004
2,0,7.9,1,91,0
2,0,7.9,1,89,0
2,0,7.6,1,94,0
2,0,7.8,3,95,0
2,0,8.2,3,95,0
2,0,8.4,4,95,0
2,0,8.4,4,95,0
2,0,8.7,4,95,0
2,0,8.9,5,95,0
2,0,8.9,5,96,0
2,0,9,6,96,0
2,0,9.3,5,97,0
2,0,9.8,4,97,0
2,9,10.1,5,95,0
2,16,10.3,4,93,0
2,51,10.4,5,94,0
2,69,10.5,5,94,0.015
2,49,10.3,5,95,0.023
2,48,10.4,5,95,0.018
2,75,10.6,4,94,0.015
2,116,10.7,4,87,0.033
2,55,11.4,3,84,0.069
2,40,10.6,4,78,0.025
2,1,9.1,3,81,0.011
2,0,8.2,2,84,0
2,0,7.3,3,84,0
2,0,6.6,2,87,0
2,0,6.5,2,88,0
2,0,6.5,1,88,0
2,0,6.3,1,87,0
2,0,6.2,1,84,0
2,0,5.4,1,86,0
2,0,4.7,0,89,0
2,0,4.7,1,90,0
2,0,4.1,1,91,0
2,0,3.7,1,92,0
2,0,3.3,1,91,0
2,16,3.2,1,91,0
2,156,4.9,2,86,0.159
2,319,6.8,2,80,0.202
2,464,8.3,3,72,0.266
2,588,9.3,4,66,0.275
2,446,9.3,4,62,0.279
2,182,8.4,3,74,0.25
2,125,8.5,5,69,0.151
2,81,9.1,5,65,0.073
2,49,7.2,5,75,0.022
2,1,6.4,3,79,0.017
2,0,5.9,3,82,0
2,0,5.8,3,84,0
2,0,5.6,3,85,0
2,0,5.4,3,88,0
2,0,6.2,3,88,0
2,0,5.4,3,90,0
2,0,8.1,5,80,0
2,0,8.1,5,81,0
2,0,8.1,5,83,0
2,0,8.2,5,85,0
2,0,8.7,5,86,0
2,0,8.6,5,87,0
2,0,8.9,6,88,0
2,18,8.6,5,91,0
2,46,9.6,6,86,0.003
2,104,10.3,7,82,0.014
2,144,10.8,6,80,0.087
2,223,11.4,8,77,0.101
2,139,11.2,6,79,0.111
2,167,11.3,7,77,0.061
2,155,11.2,8,77,0.065
2,135,11.4,7,75,0.07
2,66,11,7,76,0.044
2,2,10.3,7,78,0.023
2,0,9.8,6,81,0
2,0,9.8,8,79,0
2,0,9.4,7,80,0
2,0,9.2,6,81,0
2,0,8.7,6,83,0
2,0,8.1,5,85,0
2,0,7.5,7,88,0
2,0,7.4,6,88,0
2,0,7.2,7,89,0
2,0,7.1,7,89,0
2,0,7.1,7,89,0
2,0,7.1,6,89,0
2,0,7.1,6,89,0
2,28,7.2,6,89,0
2,88,7.8,4,88,0.044
2,263,9.8,5,82,0.071
2,434,11.2,5,77,0.207
2,521,12.6,5,72,0.271
2,386,12.4,4,72,0.261
2,148,12.6,4,72,0.219
2,175,12.7,5,71,0.147
2,70,11.5,4,75,0.075
2,16,10.9,4,78,0.019
2,0,10.9,4,77,0.007
2,0,10.9,5,78,0
2,0,11.1,5,79,0
2,0,11.7,6,74,0
2,0,11.9,7,74,0
2,0,11.6,8,74,0
2,0,10.9,7,76,0
2,0,10.3,6,78,0
2,0,9.7,5,82,0
2,0,9.3,6,83,0
2,0,8.1,6,90,0
2,0,7.9,7,92,0
2,0,8.3,6,90,0
2,0,8.3,5,89,0
2,7,8.3,5,87,0
2,19,7.6,4,88,0
2,100,7.7,4,87,0.016
2,86,6.8,4,89,0.07
2,253,7.8,4,87,0.041
2,149,7.9,5,86,0.245
2,173,8.9,4,83,0.204
2,89,8.9,4,81,0.133
2,66,8.7,4,81,0.073
2,24,8.4,3,82,0.028
2,3,7.7,2,84,0.009
2,0,7.5,2,87,0
2,0,6.7,2,87,0
2,0,6.1,2,89,0
2,0,5.7,3,87,0
2,0,5.4,2,87,0
2,0,5.2,1,88,0
2,0,4.9,1,90,0
2,0,4.9,1,92,0
2,0,5,0,92,0
2,0,4.5,0,92,0
2,0,4.2,0,94,0
2,0,3.8,0,94,0
2,0,3.9,0,94,0
2,31,3.5,0,94,0
2,173,6.1,1,91,0.149
2,320,8.1,1,84,0.215
2,403,9.2,2,77,0.266
2,340,9.2,3,72,0.274
2,151,9.3,2,71,0.205
2,206,10,3,66,0.173
2,172,9.7,2,72,0.152
2,83,8.4,1,73,0.079
2,66,8.6,2,70,0.042
2,4,7.1,1,77,0.011
2,0,6.6,2,83,0
2,0,5.9,1,86,0
2,0,5.6,1,89,0
2,0,5.4,2,90,0
2,0,4.9,3,90,0
2,0,4.9,3,89,0
2,0,5.2,4,88,0
2,0,5.7,4,88,0
2,0,6.5,5,86,0
2,0,6.9,7,83,0
2,0,6.7,7,85,0
2,0,6.2,7,92,0
2,0,6,9,93,0
2,5,6.2,8,94,0
2,44,7,6,95,0
2,114,7.7,4,87,0.04
2,232,7.8,4,83,0.064
2,338,9.2,4,71,0.273
2,527,9.7,4,64,0.23
2,214,10.1,4,62,0.226
2,158,10.1,3,59,0.195
2,101,8.8,4,61,0.072
2,58,8,2,75,0.04
2,0,6.6,3,74,0.015
2,0,5.7,2,80,0
2,0,5.3,1,84,0
2,0,4.7,0,85,0
2,0,4.1,0,86,0
2,0,3.3,0,89,0
2,0,3.1,0,91,0
2,0,2.8,1,92,0
2,0,3,3,92,0
2,0,3.1,3,92,0
2,0,4.4,3,89,0
2,0,5.1,4,89,0
2,0,5,5,92,0
2,0,4.7,5,93,0
2,9,4.6,6,94,0
2,12,4.6,1,95,0
2,98,5,0,94,0.002
2,342,7.3,0,93,0.051
2,196,7.4,0,90,0.259
2,178,7.4,0,84,0.114
2,258,8.3,0,83,0.105
2,263,8.3,0,80,0.129
2,131,6.8,1,86,0.113
2,15,5.7,0,91,0.095
2,0,5.8,0,93,0
2,0,5.2,1,94,0
2,0,5,1,94,0
2,0,4.3,1,94,0
2,0,3.9,1,94,0
2,0,4,1,94,0
2,0,4,1,95,0
3,0,4.1,1,95,0
3,0,3.9,1,95,0
3,0,3.9,1,95,0
3,0,3.4,0,95,0
3,0,3.3,1,95,0
3,0,3,0,95,0
3,0,2.8,0,95,0
3,23,2.7,0,95,0
3,157,3.8,1,94,0.012
3,170,4.8,1,90,0.221
3,204,5.9,1,85,0.176
3,154,5.8,1,83,0.293
3,203,6.4,1,77,0.219
3,206,6.7,1,76,0.122
3,202,7.1,1,73,0.145
3,71,8.2,1,68,0.079
3,83,7.7,1,66,0.035
3,8,6.3,0,74,0.009
3,0,4.8,0,80,0
3,0,4.6,2,80,0
3,0,2.8,0,86,0
3,0,3.1,0,87,0
3,0,2.3,0,88,0
3,0,2.6,0,90,0
3,0,1.8,0,92,0
3,0,1.5,0,91,0
3,0,1.1,0,94,0
3,0,1.8,0,95,0
3,0,2.9,1,93,0
3,0,3.1,2,92,0
3,0,3.9,2,92,0
3,46,4.7,4,91,0
3,79,5.4,4,92,0.157
3,136,7.6,3,90,0.041
3,202,8.7,5,82,0.108
3,308,9.1,6,78,0.141
3,287,8.9,6,77,0.17
3,112,8.2,5,81,0.112
3,142,8.2,7,81,0.068
3,57,8.3,8,78,0.053
3,12,7.2,8,88,0.023
3,1,7.9,7,81,0.002
3,0,7.5,9,85,0
3,0,6.7,9,90,0
3,0,6.7,9,89,0
3,0,6.6,8,91,0
3,0,6.3,9,93,0
3,0,6.3,9,93,0
3,0,5.7,1,94,0
3,0,5.2,1,94,0
3,0,4.8,1,95,0
3,0,4.8,0,95,0
3,0,4.9,0,95,0
3,0,4.7,1,95,0
3,0,3.5,0,94,0
3,34,3.8,2,94,0
3,53,4.2,3,93,0.178
3,334,6.8,4,89,0.076
3,250,8.1,5,84,0.281
3,174,7.6,4,83,0.3
3,243,7.4,7,84,0.188
3,103,6.2,4,88,0.179
3,200,7.1,1,88,0.109
3,77,6.6,4,83,0.086
3,39,6.7,2,85,0.06
3,4,5.5,0,88,0.021
3,0,5,0,92,0
3,0,5.2,0,92,0
3,0,4.9,0,92,0
3,0,4.9,0,93,0
3,0,4.8,0,92,0
3,0,4.7,0,93,0
3,0,4.5,0,94,0
3,0,4.4,0,95,0
3,0,4.3,0,95,0
3,0,3.8,0,95,0
3,0,3.1,0,95,0
3,0,2.5,0,95,0
3,0,1.8,0,95,0
3,45,1.8,0,95,0
3,208,4.1,0,91,0.173
3,338,6.5,0,80,0.263
3,444,8.2,1,74,0.288
3,547,9.9,1,69,0.288
3,216,9.2,1,71,0.272
3,212,9.6,1,67,0.245
3,72,8.9,1,69,0.118
3,123,9.3,1,67,0.031
3,66,9.2,0,70,0.038
3,7,8.7,0,75,0.02
3,0,7.9,0,79,0.006
3,0,6.4,0,84,0
3,0,5.7,0,87,0
3,0,5.1,0,89,0
3,0,3.7,0,91,0
3,0,3.2,0,92,0
3,0,2.4,0,92,0
3,0,1.5,0,94,0
3,0,1.2,0,94,0
3,0,0.9,0,95,0
3,0,1,0,94,0
3,0,0.1,0,94,0
3,1,0,0,95,0
3,56,1.2,0,96,0
3,252,3.6,0,91,0.188
3,388,7.5,0,79,0.256
3,503,10.9,0,69,0.28
3,574,11.8,2,57,0.279
3,590,12.6,1,52,0.264
3,184,12.3,1,53,0.218
3,216,12.8,1,54,0.171
3,139,12.2,1,56,0.077
3,77,11.8,1,58,0.028
3,9,9.5,1,68,0.012
3,0,8.4,1,76,0
3,0,7.6,1,80,0
3,0,7.1,1,79,0
3,0,7.2,1,77,0
3,0,6.6,0,81,0
3,0,5.9,0,87,0
3,0,6.2,1,91,0
3,0,6.6,0,92,0
3,0,6,2,92,0
3,0,5.6,3,95,0
3,0,5.8,1,96,0
3,0,5.8,3,96,0
3,3,5.6,2,96,0
3,75,6.6,3,95,0.001
3,245,8.2,5,89,0.176
3,382,10.4,4,81,0.245
3,482,12.3,3,73,0.273
3,543,13.3,4,69,0.269
3,556,13.1,4,67,0.259
3,188,12.9,4,67,0.215
3,184,12.7,4,67,0.173
3,121,12.5,5,67,0.089
3,114,11.5,3,69,0.029
3,13,9.8,2,77,0.027
3,0,8.8,2,82,0.003
3,0,8.1,2,84,0
3,0,7.5,2,87,0
3,0,7.1,2,88,0
3,0,6.8,4,90,0
3,0,6.6,5,92,0
3,0,7.1,3,89,0
3,0,7.4,5,87,0
3,0,7.2,5,87,0
3,0,6.9,4,88,0
3,0,6.9,4,89,0
3,0,7.1,5,88,0
3,2,7.2,5,86,0
3,55,8.1,4,82,0
3,176,9.6,5,81,0.042
3,81,9.8,4,82,0.18
3,113,9.9,3,85,0.068
3,114,10.2,2,86,0.042
3,116,10.4,2,88,0.052
3,242,11.4,2,85,0.05
3,191,12.8,3,80,0.116
3,55,14.1,3,76,0.1
3,104,14.5,0,73,0.049
3,8,12.3,0,81,0.006
3,0,11.2,1,84,0
3,0,10.1,0,88,0
3,0,8.5,0,91,0
3,0,7,0,93,0
3,0,7.9,2,95,0
3,0,7.7,0,95,0
3,0,8.2,1,88,0
3,0,8.7,3,85,0
3,0,7.1,3,95,0
3,0,7,2,96,0
3,0,7.2,4,96,0
3,0,7.6,6,95,0
3,0,7.5,10,95,0
3,40,8.2,6,93,0
3,168,8.8,8,91,0.029
3,300,10.5,7,83,0.141
3,371,11.8,7,71,0.206
3,428,13.4,6,61,0.255
3,567,14.1,5,52,0.253
3,283,14.2,6,54,0.221
3,213,14.7,7,51,0.168
3,74,14.9,6,50,0.112
3,133,13.8,7,57,0.025
3,22,12.5,7,61,0.011
3,0,11.5,6,66,0
3,0,11.3,6,70,0
3,0,10.3,5,77,0
3,0,9.9,5,78,0
3,0,10.5,6,75,0
3,0,10.7,7,72,0
3,0,6.2,0,86,0
3,0,5.7,0,86,0
3,0,5.2,0,88,0
3,0,4.8,0,90,0
3,0,4.1,0,91,0
3,0,3.6,0,92,0
3,5,3.2,0,93,0
3,85,6.3,0,92,0.007
3,252,10,0,78,0.188
3,386,12.5,1,74,0.235
3,505,13.4,1,72,0.263
3,403,13.8,1,72,0.271
3,550,15.1,1,70,0.238
3,257,13.4,1,73,0.201
3,100,12.3,1,76,0.151
3,78,11.8,1,77,0.067
3,53,11,1,78,0.024
3,11,9.6,1,79,0.018
3,0,8.2,1,81,0.003
3,0,7.2,1,84,0
3,0,6.9,1,84,0
3,0,6.6,2,85,0
3,0,6.4,1,86,0
3,0,6.3,2,87,0
3,0,6.3,2,88,0
3,0,6.4,1,90,0
3,0,6.3,1,91,0
3,0,6.2,1,92,0
3,0,6.2,1,93,0
3,0,6.6,1,92,0
3,0,7,0,90,0
3,18,7.3,1,90,0
3,35,7.5,1,90,0
3,54,7.9,1,90,0.006
3,84,7.8,1,91,0.012
3,120,8.1,1,90,0.031
3,77,8.2,1,90,0.038
3,117,8.5,1,89,0.034
3,98,8.4,1,89,0.037
3,94,8.2,1,88,0.029
3,59,7.8,2,90,0.032
3,10,7.4,2,90,0.019
3,0,7.4,1,90,0
3,0,7.4,1,90,0
3,0,6.9,0,91,0
3,0,6.7,0,91,0
3,0,6,0,92,0
3,0,5,0,94,0
3,0,4,0,95,0
3,0,4.3,0,96,0
3,0,4.3,0,96,0
3,0,3.9,0,96,0
3,0,4.1,0,97,0
3,0,3.8,0,97,0
3,7,3.6,0,97,0
3,44,4,0,97,0
3,120,4.9,0,97,0.014
3,191,5.6,0,97,0.056
3,441,8,0,95,0.095
3,603,12.3,0,77,0.279
3,611,14.8,0,63,0.273
3,199,14.9,1,60,0.235
3,235,14.8,1,55,0.182
3,90,15.2,1,55,0.101
3,152,14.7,0,53,0.021
3,37,13.1,0,56,0.015
3,0,10.3,0,68,0.004
3,0,8.3,0,76,0
3,0,7.6,0,79,0
3,0,6.6,0,85,0
3,0,6.2,0,91,0
3,0,5.3,0,91,0
3,0,3.9,0,92,0
3,0,2.9,0,93,0
3,0,1.8,0,95,0
3,0,1.6,0,94,0
3,0,0.7,0,95,0
3,0,1,0,95,0
3,9,-0.1,0,94,0
3,107,1.5,0,95,0.041
3,288,3.9,0,95,0.206
3,442,8.5,0,83,0.278
3,571,11.4,1,64,0.292
3,636,13.4,1,54,0.297
3,647,14.9,1,49,0.287
3,240,15.4,2,48,0.242
3,307,16.3,2,51,0.182
3,108,16.7,2,50,0.104
3,148,15.8,2,52,0.058
3,32,13.8,1,65,0.015
3,0,12.2,1,69,0.007
3,0,10.5,1,78,0
3,0,9.6,2,82,0
3,0,8.8,2,85,0
3,0,7.8,1,88,0
3,0,8.2,2,85,0
3,0,7.8,1,86,0
3,0,7.3,1,87,0
3,0,7.7,1,84,0
3,0,7.7,1,85,0
3,0,8.2,2,83,0
3,0,8.3,2,82,0
3,2,8.1,2,83,0
3,32,8.5,1,82,0
3,67,9,2,81,0.005
3,180,10.1,3,75,0.048
3,415,11.9,3,65,0.235
3,487,13.6,3,58,0.303
3,316,14.2,3,52,0.259
3,249,15.4,4,50,0.179
3,228,16.4,3,45,0.17
3,71,16.9,3,46,0.103
3,129,16.8,3,44,0.019
3,53,14.7,3,51,0.013
3,0,13.4,4,55,0.002
3,0,12.3,2,62,0
3,0,11.8,2,65,0
3,0,11.2,2,70,0
3,0,10.2,1,74,0
3,0,9.9,1,74,0
3,0,9.6,2,76,0
3,0,9.6,3,77,0
3,0,9.2,1,80,0
3,0,9.9,3,80,0
3,0,9.3,1,81,0
3,0,8.6,1,84,0
3,11,8.3,2,84,0
3,117,10.2,2,79,0.113
3,328,12.1,4,69,0.239
3,472,13.6,3,62,0.292
3,593,14.9,3,54,0.306
3,663,16.6,4,43,0.307
3,677,17.8,4,42,0.29
3,198,17.8,4,39,0.249
3,218,18.7,3,40,0.186
3,43,18.8,4,42,0.104
3,180,18.6,2,43,0.008
3,65,17.3,1,46,0.005
3,0,14.9,0,53,0
3,0,13.7,0,57,0
3,0,13.2,1,63,0
3,0,12.2,1,68,0
3,0,11.3,0,74,0
3,0,10.8,1,80,0
3,0,9.6,0,85,0
3,0,8.8,0,87,0
3,0,8.3,0,88,0
3,0,7.3,0,90,0
3,0,6.7,0,90,0
3,0,6.1,0,92,0
3,14,5.9,0,93,0
3,133,7.5,0,92,0.098
3,307,9.4,0,86,0.23
3,386,11.7,0,77,0.271
3,230,11.8,1,71,0.305
3,222,12,1,68,0.143
3,286,13.2,1,64,0.137
3,307,13.8,2,62,0.169
3,199,13.5,2,65,0.18
3,184,13.7,1,65,0.065
3,72,12.8,2,71,0.068
3,25,11.3,2,75,0.029
3,0,10.2,1,78,0.009
3,0,9.7,1,81,0
3,0,9.2,1,83,0
3,0,8.4,1,85,0
3,0,8.1,1,87,0
3,0,7.6,1,88,0
3,0,7.5,1,88,0
3,0,7.3,0,88,0
3,0,6.9,0,87,0
3,0,6.8,1,88,0
3,0,6.8,1,88,0
3,0,6.8,1,88,0
3,6,7.1,1,87,0
3,61,7.5,2,88,0
3,132,8.3,2,85,0.024
3,409,10.3,4,73,0.049
3,555,11.1,4,69,0.305
3,695,12.6,4,63,0.304
3,286,12.2,4,64,0.309
3,126,12,3,70,0.258
3,195,11.5,4,76,0.16
3,128,13.3,5,64,0.078
3,117,12.9,5,62,0.048
3,21,12.3,5,64,0.03
3,0,11.5,4,68,0.011
3,0,11.4,4,70,0
3,0,10.1,3,76,0
3,0,9.8,4,79,0
3,0,9.9,5,78,0
3,0,9.1,3,80,0
3,0,8.2,2,84,0
3,0,7.7,2,85,0
3,0,7.2,2,86,0
3,0,7.3,1,85,0
3,0,7.1,1,86,0
3,0,7.3,0,85,0
3,8,7.4,0,84,0
3,54,7.7,0,84,0
3,133,8.6,1,81,0.02
3,220,10,2,75,0.057
3,286,11.1,3,72,0.094
3,378,12.2,4,68,0.13
3,354,12.5,4,72,0.177
3,264,12.1,3,74,0.136
3,253,11.6,4,76,0.142
3,187,11.6,3,76,0.084
3,125,10.4,3,80,0.075
3,79,9.4,3,83,0.04
3,1,8.1,3,86,0.019
3,0,7.3,1,89,0
3,0,6.8,1,90,0
3,0,6.2,0,91,0
3,0,6.2,0,91,0
3,0,5.9,0,92,0
3,0,6.1,2,94,0
3,0,6.9,4,94,0
3,0,7.3,4,94,0
3,0,7.4,4,94,0
3,0,7.4,2,94,0
3,0,7.2,4,95,0
3,20,7.2,3,94,0
3,158,8.7,5,92,0.087
3,336,10.9,4,85,0.224
3,484,13.3,4,73,0.291
3,585,14.7,5,66,0.315
3,654,15.1,5,61,0.306
3,496,14.1,6,66,0.29
3,254,12.2,6,73,0.261
3,235,11.6,7,73,0.155
3,191,11.3,7,73,0.108
3,132,11.7,6,72,0.068
3,30,10.8,6,75,0.049
3,0,10.3,5,80,0.015
3,0,10.9,4,80,0
3,0,9.7,4,91,0
3,0,9.6,4,92,0
3,0,9.7,4,93,0
3,0,9,4,90,0
3,0,8.1,6,78,0
3,0,7.9,6,80,0
3,0,5.3,2,90,0
3,0,5.2,2,92,0
3,0,4.8,1,88,0
3,0,4.5,2,88,0
3,11,4.3,2,86,0
3,147,5.6,2,83,0.024
3,204,6.4,2,75,0.257
3,176,7.2,3,69,0.281
3,348,7.6,3,67,0.342
3,689,8.5,4,65,0.308
3,707,8.8,4,61,0.311
3,288,8.9,4,65,0.289
3,225,9.6,4,62,0.205
3,135,9.7,4,55,0.105
3,132,9.1,4,63,0.056
3,14,7.1,3,75,0.032
3,0,6.3,2,77,0.008
3,0,5.9,2,81,0
3,0,5.4,1,83,0
3,0,4.9,0,85,0
3,0,4.3,0,86,0
3,0,4,1,85,0
3,0,3.4,0,86,0
3,0,3,1,87,0
3,0,2.4,1,89,0
3,0,2,0,89,0
3,0,1.7,0,90,0
3,0,1.8,1,90,0
3,23,2.3,1,89,0
3,186,3.7,2,86,0.141
3,164,4.7,2,84,0.253
3,243,6,1,80,0.235
3,253,6.9,3,77,0.173
3,260,8.2,2,68,0.266
3,187,7.2,3,74,0.283
3,303,8.6,3,69,0.133
3,231,8.8,3,63,0.217
3,93,7.6,1,67,0.113
3,97,7,0,80,0.073
3,92,7.3,0,71,0.055
3,0,4.4,2,86,0.036
3,0,3.9,0,89,0
3,0,4.2,0,90,0
3,0,3.7,0,89,0
3,0,2.8,0,90,0
3,0,2,0,91,0
3,0,1.7,0,93,0
3,0,0.9,0,93,0
3,0,0.4,0,94,0
3,0,0.2,0,95,0
3,0,0,0,95,0
3,0,-0.5,0,95,0
3,23,0.1,0,96,0
3,162,1.8,0,94,0.151
3,317,5.6,1,86,0.259
3,459,7,5,77,0.312
3,451,7.6,4,73,0.332
3,795,9,7,61,0.344
3,810,9.7,5,60,0.33
3,289,8.7,7,63,0.285
3,244,8.5,7,61,0.173
3,102,9.1,5,59,0.124
3,128,8.3,4,58,0.046
3,41,7.4,2,65,0.011
3,0,6.2,2,73,0.004
3,0,5.8,2,75,0
3,0,5.4,2,80,0
3,0,5.4,3,81,0
3,0,5.8,4,82,0
3,0,6.4,4,81,0
3,0,6.5,4,82,0
3,0,6.4,2,84,0
3,0,5.8,2,90,0
3,0,5.7,3,88,0
3,0,5.4,4,89,0
3,0,5.2,5,89,0
3,10,5.1,3,91,0
3,26,5.3,4,91,0
3,37,5.5,5,90,0.004
3,107,5.8,5,91,0.007
3,149,6.2,5,88,0.047
3,106,6.1,4,89,0.06
3,122,6.6,4,87,0.062
3,124,7.2,3,82,0.06
3,78,7.6,2,78,0.047
3,69,7.8,1,75,0.059
3,115,8.7,1,76,0.036
3,34,7.7,1,77,0.042
3,0,6.6,0,80,0.005
3,0,6,0,81,0
3,0,5.5,0,83,0
3,0,5.4,0,86,0
3,0,5.4,0,87,0
3,0,4.9,0,89,0
3,0,4.9,0,89,0
3,0,4.3,0,89,0
3,0,3.7,0,91,0
3,0,1.9,0,93,0
3,0,1.9,0,94,0
3,0,2,0,94,0
3,26,1.7,0,94,0
3,104,2.7,0,92,0.036
3,328,5.2,1,87,0.093
3,202,6.1,1,81,0.24
3,312,7,1,76,0.188
3,326,7.6,1,69,0.121
3,132,7.2,1,73,0.133
3,131,6.7,0,76,0.118
3,63,5.1,1,79,0.094
3,40,3,1,90,0.112
3,60,3.2,0,92,0.043
3,46,3.2,0,92,0.02
3,0,2.8,0,92,0.009
3,0,2,0,93,0
3,0,1.6,0,94,0
3,0,1.8,0,95,0
3,0,1.8,0,94,0
3,0,0.9,0,95,0
3,0,0.4,0,95,0
3,0,0,0,95,0
3,0,-0.3,0,95,0
3,0,-0.6,0,96,0
3,0,-0.8,0,96,0
3,0,-0.9,0,96,0
3,30,-1.2,0,96,0
3,142,1.4,0,97,0.075
3,273,3.7,0,97,0.165
3,357,7.3,0,89,0.239
3,375,8.8,1,72,0.25
3,378,9.6,1,70,0.226
3,128,7.8,1,74,0.197
3,74,8,0,69,0.17
3,115,7.7,0,80,0.091
3,114,8.6,0,78,0.057
3,60,8.1,0,77,0.061
3,55,7.8,1,76,0.018
3,2,6.9,1,74,0.006
3,0,6.1,2,71,0.001
3,0,4.6,1,80,0
3,0,4.1,0,82,0
3,0,2.8,0,86,0
3,0,4.4,0,84,0
3,0,4.7,1,89,0
3,0,5,1,91,0
3,0,4.9,0,92,0
3,0,5.4,0,93,0
3,0,5.4,0,91,0
3,0,5.9,2,88,0
3,40,6.3,1,84,0
3,113,7.8,1,79,0.02
3,256,9.2,1,77,0.078
3,346,10.2,3,66,0.169
3,277,10.3,3,63,0.216
3,316,10.9,4,59,0.118
3,300,11.3,4,54,0.139
3,319,11.6,3,52,0.124
3,300,12.6,3,46,0.117
3,152,13.2,4,43,0.091
3,151,12.6,3,46,0.038
3,66,12,1,59,0.047
3,0,9.9,2,71,0.031
3,0,8.9,0,77,0
3,0,8.2,0,78,0
3,0,8.2,0,78,0
3,0,7.6,0,80,0
3,0,6.5,0,83,0
3,0,6.8,0,86,0
3,0,7.3,0,88,0
3,0,7.4,0,86,0
3,0,8.2,0,80,0
3,0,6.6,0,85,0
3,0,8,0,75,0
3,53,8.3,0,76,0
3,145,8.7,0,81,0.03
3,295,14.2,4,56,0.175
3,465,15.8,3,49,0.246
3,618,16.3,7,42,0.293
3,701,16.8,6,41,0.322
3,719,18.1,6,37,0.303
3,323,18,9,40,0.26
3,289,17.5,9,42,0.203
3,115,17.7,8,43,0.124
3,190,17.2,7,46,0.032
3,63,16.2,3,49,0.02
3,1,14.1,0,61,0.008
3,0,12.8,0,65,0
3,0,15.1,2,53,0
3,0,14.2,0,54,0
3,0,14.5,4,53,0
3,0,13.8,4,54,0
3,0,12.3,3,74,0
3,0,11.9,0,75,0
3,0,11.7,0,77,0
3,0,11.2,0,79,0
3,0,11.8,2,75,0
3,0,11.7,2,75,0
3,0,11.7,4,76,0
3,30,11.9,1,76,0.008
3,128,12.4,5,73,0.061
3,166,13.4,3,70,0.066
3,119,13.1,3,74,0.063
3,234,14.3,3,71,0.104
3,233,14.7,3,68,0.106
3,387,15,3,69,0.16
3,184,15.2,2,65,0.099
3,130,14.9,3,68,0.051
3,146,15.1,1,65,0.052
3,175,15.6,1,65,0.082
3,72,15.4,0,64,0.017
3,7,14.3,0,69,0
3,0,13,0,74,0
3,0,11.9,0,75,0
3,0,10.2,0,80,0
3,0,8.9,0,86,0
4,0,8.3,0,88,0
4,0,8.1,0,89,0
4,0,7.8,0,88,0
4,0,7.8,0,89,0
4,0,6.9,0,91,0
4,0,6.7,0,91,0
4,1,6.1,0,91,0
4,32,6.4,0,92,0.1
4,225,8.8,0,89,0.249
4,387,12.1,0,80,0.288
4,546,14.8,0,70,0.31
4,631,16.4,0,64,0.307
4,713,17.6,1,56,0.281
4,725,17.9,1,57,0.253
4,286,18.7,2,49,0.208
4,401,19.5,1,44,0.134
4,123,19.8,1,43,0.019
4,166,18.9,2,43,0.016
4,74,16.7,1,66,0.011
4,3,15.3,0,71,0
4,0,13.8,0,76,0
4,0,12.3,0,81,0
4,0,12.7,0,78,0
4,0,11.4,0,79,0
4,0,10,0,83,0
4,0,9.1,0,85,0
4,0,8.8,0,88,0
4,0,8.8,0,89,0
4,0,8.2,0,90,0
4,0,8,0,91,0
4,0,8.2,0,91,0
4,37,8.6,0,91,0.012
4,108,9.9,0,90,0.083
4,255,13.7,0,81,0.2
4,515,18.1,3,57,0.288
4,356,18.2,4,56,0.241
4,592,20.4,1,60,0.277
4,722,21.4,1,53,0.28
4,303,19.4,1,63,0.103
4,257,19.1,4,53,0.099
4,110,18.6,1,63,0.067
4,213,17.1,1,71,0.062
4,61,15.4,1,74,0.027
4,6,14.7,0,75,0
4,0,14.7,1,73,0
4,0,15.6,1,71,0
4,0,16.2,1,68,0
4,0,15.8,3,70,0
4,0,15.1,3,73,0
4,0,13.8,0,77,0
4,0,12.3,0,84,0
4,0,11.6,0,86,0
4,0,10.9,0,88,0
4,0,10.3,1,90,0
4,2,10.6,0,87,0
4,70,10.5,0,90,0.077
4,97,11.6,0,88,0.035
4,269,13.8,0,82,0.217
4,502,15.9,6,66,0.33
4,300,15.6,5,69,0.158
4,670,17.2,7,65,0.322
4,324,17.1,8,65,0.216
4,239,17.1,7,67,0.158
4,121,15.4,7,74,0.045
4,154,14.8,5,74,0.053
4,76,14.2,6,76,0.037
4,24,12.8,5,82,0.004
4,0,11.1,6,89,0
4,0,10.7,4,90,0
4,0,10.8,2,90,0
4,0,10.4,3,93,0
4,0,10.6,2,92,0
4,0,10.7,1,92,0
4,0,10.6,3,94,0
4,0,10.6,2,95,0
4,0,10.4,1,95,0
4,0,10.8,1,94,0
4,0,11,1,91,0
4,0,11,1,90,0
4,27,11,1,91,0.001
4,80,11.4,1,89,0.038
4,164,11.8,2,87,0.065
4,245,12.1,2,84,0.103
4,276,12.7,2,81,0.113
4,339,13.6,2,76,0.133
4,190,13.4,2,74,0.115
4,281,13.9,2,71,0.112
4,196,14.2,2,68,0.12
4,99,13.8,1,67,0.035
4,117,13.6,2,66,0.037
4,53,12.7,1,69,0.029
4,10,12.2,0,71,0
4,0,11.2,1,83,0
4,0,10.3,1,85,0
4,0,9.4,0,86,0
4,0,8.8,0,87,0
4,0,8.3,0,88,0
4,0,7.5,0,90,0
4,0,6.8,0,92,0
4,0,5.8,0,92,0
4,0,5.8,1,94,0
4,0,4.8,0,95,0
4,2,4.5,0,96,0
4,49,5.4,1,96,0.028
4,166,6.2,1,97,0.221
4,384,8.6,4,92,0.3
4,543,11,5,89,0.315
4,458,14.3,4,71,0.264
4,700,15.1,5,65,0.301
4,411,14.9,4,71,0.265
4,422,14.8,3,75,0.191
4,186,13.6,3,80,0.114
4,155,12.8,3,84,0.066
4,106,12.9,3,84,0.04
4,28,13.2,2,85,0.007
4,3,12.6,3,89,0
4,0,12.1,3,94,0
4,0,12.1,3,95,0
4,0,12.1,2,95,0
4,0,12.3,4,95,0
4,0,12.3,3,95,0
4,0,12.3,3,95,0
4,0,12.3,3,95,0
4,0,12.4,3,95,0
4,0,12.2,4,95,0
4,0,12.2,4,95,0
4,1,12.2,4,95,0
4,12,12.1,3,96,0
4,54,12.5,3,95,0.017
4,69,12.4,4,95,0.025
4,93,12.6,4,95,0.039
4,163,13.2,4,93,0.073
4,118,13.2,4,92,0.062
4,149,13.3,4,90,0.068
4,266,14.3,4,86,0.114
4,210,15.3,5,82,0.087
4,233,15.4,5,80,0.081
4,80,14.9,4,81,0.049
4,77,14.9,4,80,0.057
4,0,13.4,4,87,0
4,0,12.8,4,93,0
4,0,12.9,3,92,0
4,0,12.6,3,92,0
4,0,12.3,3,91,0
4,0,12.8,3,88,0
4,0,13.2,4,89,0
4,0,13.1,4,88,0
4,0,12.9,3,88,0
4,0,12.9,3,89,0
4,0,12.9,4,89,0
4,0,12.4,3,91,0
4,7,12.1,4,94,0
4,64,12.1,4,94,0.026
4,70,12.4,3,94,0.036
4,43,12.4,3,95,0.029
4,124,13.3,3,95,0.051
4,75,13.6,4,93,0.043
4,102,13.3,4,93,0.042
4,78,12.9,3,94,0.031
4,89,12.7,3,94,0.034
4,95,13,3,94,0.051
4,35,12.7,4,93,0.038
4,8,12.5,3,93,0.002
4,0,12.4,3,93,0
4,0,12.1,3,94,0
4,0,11.3,3,94,0
4,0,9.8,5,89,0
4,0,8.7,4,89,0
4,0,7.3,3,89,0
4,0,6.8,3,91,0
4,0,6.7,2,91,0
4,0,6.6,2,90,0
4,0,6.3,2,90,0
4,0,5.8,2,90,0
4,5,5.4,3,89,0.049
4,65,5.9,4,87,0.217
4,266,7.3,4,81,0.287
4,362,8.3,5,76,0.306
4,326,9.7,4,68,0.25
4,454,10.4,5,62,0.279
4,504,11.1,6,60,0.295
4,441,12.1,5,57,0.278
4,327,12.3,5,51,0.195
4,303,12.5,5,48,0.12
4,239,12.8,4,50,0.065
4,137,12.4,4,52,0.046
4,137,12,3,53,0.013
4,14,10.6,2,58,0.001
4,0,9.1,0,62,0
4,0,8.2,0,65,0
4,0,7.6,0,68,0
4,0,6.6,0,76,0
4,0,5.7,0,82,0
4,0,4.9,0,87,0
4,0,4.3,0,89,0
4,0,3.8,0,91,0
4,0,3.6,0,91,0
4,0,3.5,0,92,0
4,6,3.3,0,93,0.01
4,78,5.3,0,93,0.211
4,286,7.6,0,87,0.28
4,446,9.7,0,81,0.316
4,592,12.1,1,74,0.327
4,647,13.1,1,67,0.345
4,648,14.1,2,62,0.354
4,729,14.7,2,58,0.235
4,382,15.4,2,56,0.209
4,594,16.4,2,53,0.14
4,502,16.1,3,62,0.043
4,169,15.2,3,64,0.013
4,118,13.6,2,70,0.007
4,13,12.1,1,74,0
4,0,10.9,1,78,0
4,0,10.1,0,81,0
4,0,9.2,0,84,0
4,0,8.7,0,85,0
4,0,7.7,0,88,0
4,0,7,0,89,0
4,0,6.4,0,91,0
4,0,5.7,0,91,0
4,0,5.4,0,92,0
4,0,4.8,0,93,0
4,8,4.5,0,94,0.051
4,93,5.8,0,94,0.19
4,129,7.7,0,90,0.112
4,260,9.8,0,81,0.174
4,568,12.6,0,66,0.328
4,753,14.1,1,58,0.359
4,810,14.9,1,57,0.334
4,689,14.8,1,56,0.279
4,197,14.5,0,58,0.146
4,486,15.5,2,54,0.11
4,167,15.4,0,54,0.077
4,93,15,0,56,0.046
4,41,14.2,0,63,0.023
4,16,12.3,4,71,0
4,0,11.2,4,76,0
4,0,10.9,0,77,0
4,0,10.6,0,78,0
4,0,9.9,0,81,0
4,0,9.6,0,83,0
4,0,9.6,0,83,0
4,0,9.9,0,80,0
4,0,10.3,0,76,0
4,0,10.2,0,75,0
4,0,9.8,0,76,0
4,2,9.6,0,77,0
4,44,9.8,0,77,0.02
4,153,10.6,0,77,0.14
4,448,12.5,1,70,0.315
4,602,13.6,1,65,0.329
4,653,14.9,1,56,0.331
4,115,12.7,1,62,0.131
4,167,13,0,64,0.088
4,457,15.4,0,55,0.177
4,200,14.8,0,53,0.106
4,216,15,0,50,0.063
4,93,14.7,0,51,0.045
4,74,14.2,0,53,0.019
4,12,12.7,0,61,0
4,0,11,1,72,0
4,0,9.9,1,78,0
4,0,8.9,0,82,0
4,0,8,0,84,0
4,0,7.7,0,87,0
4,0,7.2,3,94,0
4,0,7.3,2,95,0
4,0,7.2,1,95,0
4,0,7.1,0,95,0
4,0,7.1,0,96,0
4,11,7.2,1,96,0
4,73,7.3,1,95,0.042
4,285,8.6,2,92,0.267
4,370,11.1,1,81,0.266
4,337,12.8,1,73,0.289
4,432,14.2,2,61,0.26
4,408,14.4,3,60,0.193
4,526,15.2,3,55,0.256
4,337,14.7,3,56,0.16
4,284,14.4,3,58,0.124
4,163,14,2,60,0.063
4,87,13.1,3,59,0.045
4,149,13.1,2,61,0.026
4,17,11.6,3,64,0.002
4,0,10.1,2,70,0
4,0,9.2,0,74,0
4,0,8.9,1,77,0
4,0,8.3,1,82,0
4,0,7.4,0,86,0
4,0,7.2,0,88,0
4,0,6.8,0,91,0
4,0,7.2,0,92,0
4,0,7.4,0,92,0
4,0,7.8,0,92,0
4,6,8.1,0,92,0
4,57,8.8,0,85,0.031
4,202,10.1,0,76,0.292
4,465,11.2,1,63,0.318
4,636,11.9,2,59,0.352
4,688,12.8,2,55,0.338
4,799,13.5,3,53,0.32
4,809,14.9,2,49,0.276
4,522,14.7,2,51,0.217
4,610,15.8,2,50,0.136
4,537,16.1,3,48,0.025
4,153,16,2,48,0.011
4,172,15.2,2,53,0.007
4,25,13.7,1,58,0
4,0,12.1,0,65,0
4,0,11.4,1,68,0
4,0,10.3,1,75,0
4,0,9.5,1,79,0
4,0,9.4,1,79,0
4,0,8.6,2,79,0
4,0,7.6,2,82,0
4,0,7.3,1,83,0
4,0,7.2,2,81,0
4,0,7,3,83,0
4,12,6.9,2,80,0.091
4,92,8.4,2,72,0.222
4,320,9.6,2,68,0.294
4,488,10.7,2,65,0.329
4,659,12.1,1,59,0.351
4,700,12.6,1,59,0.357
4,871,13.9,2,55,0.331
4,880,14.9,1,49,0.281
4,507,14.3,1,46,0.256
4,727,15.4,2,44,0.125
4,311,15.1,1,39,0.044
4,197,15.4,1,41,0.031
4,155,14.1,0,44,0.015
4,32,12.6,0,52,0
4,0,9.6,1,74,0
4,0,8.3,0,78,0
4,0,7.1,0,81,0
4,0,6,0,85,0
4,0,5.1,0,87,0
4,0,4.5,0,87,0
4,0,3.7,0,87,0
4,0,3.3,0,88,0
4,0,2.8,0,89,0
4,0,2.3,0,90,0
4,14,2.2,0,91,0.064
4,96,4.2,0,89,0.218
4,316,7.3,0,79,0.281
4,238,8.1,1,70,0.254
4,710,10.2,1,63,0.395
4,810,10.9,1,59,0.374
4,737,12.2,1,51,0.338
4,833,12.4,1,50,0.29
4,649,12.2,1,53,0.229
4,681,12.2,1,55,0.142
4,557,11.9,2,55,0.025
4,245,11.3,1,58,0.011
4,207,10.1,0,61,0.007
4,24,7.9,1,68,0
4,0,6.6,0,73,0
4,0,6,0,75,0
4,0,5.2,0,77,0
4,0,4.6,0,80,0
4,0,4.4,0,81,0
4,0,4.3,0,83,0
4,0,3.7,0,85,0
4,0,2.5,0,88,0
4,0,3.1,0,91,0
4,0,2.8,0,88,0
4,15,4.8,0,86,0.084
4,97,6.4,2,81,0.223
4,325,7.7,4,76,0.298
4,494,8.8,5,70,0.34
4,651,10.2,4,65,0.35
4,727,11,4,61,0.331
4,813,11.9,3,53,0.313
4,835,13.2,4,45,0.289
4,677,13.4,5,40,0.225
4,691,13.6,4,39,0.14
4,568,13.8,4,47,0.023
4,226,13.6,4,46,0.01
4,202,12.9,3,50,0.007
4,30,11.9,1,55,0
4,0,10.3,0,62,0
4,0,9.4,0,67,0
4,0,8,0,73,0
4,0,8.1,1,72,0
4,0,7.7,1,73,0
4,0,7.1,2,79,0
4,0,5.8,0,86,0
4,0,7,3,85,0
4,0,7.1,0,83,0
4,0,7,2,84,0
4,20,7.5,0,80,0.012
4,76,7.7,0,81,0.209
4,339,10.8,2,68,0.29
4,499,13.6,1,61,0.326
4,656,15.8,2,57,0.35
4,729,16.6,3,53,0.326
4,732,17.9,3,44,0.324
4,605,18.3,3,40,0.287
4,320,17.7,4,36,0.153
4,246,17.3,2,41,0.104
4,182,16.2,2,49,0.073
4,110,15.3,2,59,0.054
4,80,14.7,1,63,0.022
4,11,13.7,1,64,0.008
4,0,13.1,1,67,0
4,0,11.7,1,68,0
4,0,11.2,1,68,0
4,0,10.8,0,69,0
4,0,10.6,1,71,0
4,0,9.8,1,72,0
4,0,8.5,1,75,0
4,0,7.4,0,78,0
4,0,6.4,0,81,0
4,0,5.7,0,83,0
4,19,5.5,0,85,0.09
4,97,7,0,81,0.229
4,362,8.4,1,74,0.306
4,533,10,1,62,0.351
4,233,9.7,1,64,0.352
4,644,11.1,2,51,0.347
4,208,9.8,1,57,0.135
4,420,11.7,0,52,0.271
4,405,12.1,1,50,0.186
4,435,12,1,49,0.19
4,197,12.3,1,51,0.072
4,224,11.8,1,61,0.049
4,53,9.4,1,73,0.027
4,8,8.9,0,70,0
4,0,8.6,0,68,0
4,0,7.8,1,71,0
4,0,7.8,0,68,0
4,0,7.4,0,70,0
4,0,7.3,0,70,0
4,0,6.9,0,68,0
4,0,6.8,0,68,0
4,0,6.8,0,67,0
4,0,6.4,0,70,0
4,0,5.8,0,72,0
4,19,5.5,0,76,0.007
4,63,6.3,0,77,0.044
4,110,7.1,0,77,0.082
4,192,8.6,1,71,0.198
4,619,11.3,1,61,0.384
4,306,10.2,1,65,0.236
4,350,11,1,66,0.249
4,410,12,1,64,0.186
4,443,12.3,1,62,0.196
4,668,13.4,1,58,0.112
4,384,12,1,64,0.074
4,252,11.4,1,68,0.037
4,149,10.1,1,73,0.023
4,35,8.7,1,78,0.008
4,0,8.1,0,83,0
4,0,8.3,0,85,0
4,0,8.1,0,86,0
4,0,7.9,1,86,0
4,0,7.8,1,89,0
4,0,8,1,90,0
4,0,8.7,1,91,0
4,0,9.1,1,91,0
4,0,9.7,1,91,0
4,0,9.6,1,90,0
4,6,9.8,1,91,0
4,32,10.4,1,90,0.005
4,84,10.9,0,89,0.03
4,67,10.7,0,92,0.018
4,97,11.2,1,92,0.075
4,111,11.6,0,92,0.078
4,68,11.5,0,92,0.04
4,32,10.7,0,94,0.006
4,65,10.7,0,94,0.023
4,14,10.6,0,94,0
4,32,10.1,2,92,0.021
4,266,11.6,3,83,0.047
4,189,12,3,82,0.026
4,37,11.3,0,81,0.003
4,0,9.4,0,89,0
4,0,8.5,0,90,0
4,0,7.4,0,93,0
4,0,6.7,0,93,0
4,0,6.3,0,95,0
4,0,6.7,0,94,0
4,0,6.2,0,94,0
4,0,6.7,0,94,0
4,0,7.1,0,96,0
4,0,6.1,0,94,0
4,25,6.3,0,96,0.014
4,105,8.4,0,95,0.171
4,326,11.5,0,88,0.275
4,483,14.3,0,71,0.311
4,626,16.8,0,58,0.322
4,452,17.7,1,66,0.319
4,682,18.9,0,63,0.304
4,391,18.1,1,62,0.2
4,733,18.9,1,58,0.209
4,623,18.6,1,55,0.156
4,481,17.9,1,58,0.047
4,214,15.9,1,64,0.04
4,101,14.3,1,72,0.028
4,24,13.4,0,76,0.007
4,0,12.8,0,82,0
4,0,11.6,0,90,0
4,0,11.2,0,93,0
4,0,10.8,0,93,0
4,0,10.3,1,94,0
4,0,10,0,95,0
4,0,10,0,95,0
4,0,10.1,1,95,0
4,0,10,0,95,0
4,0,9.9,1,96,0
4,11,9.7,2,95,0
4,41,9.9,0,95,0.013
4,140,10.7,1,96,0.082
4,206,11.2,2,90,0.13
4,246,12.3,2,87,0.143
4,544,14.1,3,80,0.295
4,368,13.8,3,79,0.358
4,627,15.2,3,66,0.3
4,350,15.2,2,66,0.135
4,337,15.6,3,65,0.124
4,306,15.8,3,63,0.074
4,198,15.5,1,64,0.031
4,133,14.4,1,68,0.019
4,32,12.6,1,77,0.003
4,0,11.4,0,80,0
4,0,10.6,1,84,0
4,0,10,2,87,0
4,0,9.4,3,90,0
4,0,9.4,2,92,0
4,0,9.1,2,93,0
4,0,9.2,1,94,0
4,0,9.2,1,94,0
4,0,8.8,1,94,0
4,0,8,0,95,0
4,27,8.7,1,97,0.088
4,105,9.3,3,96,0.124
4,248,10.7,4,89,0.249
4,499,13.2,5,82,0.313
4,654,15.2,5,74,0.334
4,326,15.3,5,70,0.256
4,421,15.8,5,64,0.214
4,371,16.1,3,62,0.202
4,524,16.7,3,57,0.222
4,494,16.8,2,51,0.156
4,316,16.2,2,58,0.077
4,184,15.8,2,59,0.053
4,67,14.8,1,62,0.042
4,12,13.3,1,75,0.005
4,0,12,0,84,0
4,0,11.5,1,86,0
4,0,10.9,1,90,0
4,0,10.7,0,91,0
4,0,10.4,0,92,0
4,0,10.4,0,92,0
4,0,10.4,0,92,0
4,0,10.2,0,92,0
4,0,10.2,0,93,0
4,0,10,0,93,0
4,24,9.9,0,94,0.005
4,59,10.2,0,93,0.029
4,100,10.7,0,90,0.093
4,265,11.9,0,86,0.18
4,373,13.1,0,78,0.194
4,374,14.1,0,74,0.157
4,495,15.4,1,67,0.226
4,363,16.1,0,67,0.169
4,200,15.4,1,72,0.112
4,111,14.6,1,75,0.072
4,314,15.7,1,72,0.097
4,218,15.3,1,75,0.048
4,203,15.6,0,72,0.018
4,61,13.6,0,77,0.006
4,0,11.8,0,82,0
4,0,10.9,0,82,0
4,0,10.4,0,85,0
4,0,10.3,0,86,0
4,0,10,0,90,0
4,0,9.9,0,91,0
4,0,10.2,0,92,0
4,0,9.9,0,92,0
4,0,9.7,0,93,0
4,0,9.4,0,94,0
4,3,9.3,0,94,0
4,15,9.3,0,95,0
4,39,9.5,0,96,0.005
4,39,9.9,0,96,0.012
4,53,10.6,0,96,0.013
4,82,11.4,0,95,0.024
4,119,12.2,0,93,0.043
4,156,13.1,0,91,0.063
4,292,14.8,0,84,0.197
4,140,13.5,2,87,0.072
4,32,13.1,2,90,0.007
4,27,12.1,1,93,0.015
4,37,10.5,1,94,0.011
4,10,10.3,2,93,0
4,0,10,1,93,0
4,0,9.6,1,92,0
4,0,8.9,1,93,0
4,0,8.7,2,93,0
4,0,9.8,0,93,0
4,0,9.8,0,93,0
4,0,9.7,0,94,0
4,0,9.3,0,94,0
4,0,9.6,0,95,0
4,0,9.8,0,95,0
4,23,9.8,0,94,0.011
4,87,10.6,0,93,0.041
4,168,11.9,0,86,0.112
4,378,13.9,0,80,0.25
4,229,13.6,0,78,0.161
4,298,14.9,0,75,0.317
4,438,15.4,1,68,0.237
4,462,16.2,1,72,0.181
4,222,15.2,0,71,0.094
4,145,14.7,1,75,0.084
4,174,14.8,2,68,0.066
4,109,14.5,1,68,0.034
4,123,14.2,2,68,0.023
4,33,12.8,0,80,0.009
4,0,11,0,88,0
4,0,10.1,0,90,0
4,0,9.3,0,90,0
4,0,8.5,0,92,0
5,0,10.3,0,95,0
5,0,10.2,0,94,0
5,0,9.8,0,95,0
5,0,9.6,0,95,0
5,0,9.4,0,95,0
5,0,8.9,0,94,0
5,30,8.4,0,92,0.006
5,41,8.8,0,90,0.013
5,68,9.2,0,89,0.04
5,167,10.3,0,82,0.081
5,139,10.8,0,82,0.111
5,249,11.4,1,75,0.132
5,121,10.3,1,82,0.104
5,68,9.2,0,88,0.034
5,74,8.7,0,92,0.037
5,84,8.7,0,93,0.056
5,58,8.9,0,90,0.023
5,30,8.8,0,88,0.01
5,11,8.6,0,87,0
5,20,8.8,0,87,0
5,0,8.3,0,84,0
5,0,7.4,0,85,0
5,0,6.6,0,83,0
5,0,5.8,0,85,0
5,0,4.7,0,82,0
5,0,3.3,0,87,0
5,0,3.1,0,88,0
5,0,2.4,0,90,0
5,0,2.1,0,91,0
5,5,1.7,0,90,0.005
5,54,3.2,0,92,0.136
5,131,5.3,0,89,0.216
5,383,9.4,0,69,0.309
5,406,10.3,1,67,0.293
5,527,11.2,1,62,0.267
5,705,12.4,1,59,0.329
5,611,13.1,1,54,0.31
5,854,14.2,1,50,0.276
5,813,14.8,1,51,0.235
5,771,15.7,1,51,0.152
5,613,15.9,2,48,0.055
5,193,13.9,4,61,0.035
5,201,12.5,7,65,0.028
5,62,10.7,6,69,0.01
5,1,9.3,4,72,0
5,0,8.7,3,76,0
5,0,8.4,0,78,0
5,0,7.4,0,81,0
5,0,13.1,2,73,0
5,0,12.7,1,75,0
5,0,12.2,0,77,0
5,0,12.1,0,79,0
5,0,11.6,0,86,0
5,0,11.3,0,89,0
5,30,11.6,2,91,0.004
5,115,12.8,1,89,0.145
5,55,12.7,2,87,0.071
5,234,13.7,2,87,0.292
5,565,16,3,72,0.317
5,863,17.2,3,60,0.381
5,303,16.3,3,57,0.327
5,932,18,3,52,0.321
5,835,17.9,2,58,0.196
5,775,18.4,3,47,0.15
5,644,18.4,3,46,0.039
5,188,17.6,3,55,0.025
5,221,16.9,2,58,0.008
5,81,14.7,2,68,0.002
5,2,11.8,2,80,0
5,0,10.8,2,83,0
5,0,10.2,1,86,0
5,0,9.8,1,88,0
5,0,11.1,2,82,0
5,0,11.2,2,79,0
5,0,10.9,1,80,0
5,0,10.7,3,76,0
5,0,10.7,2,74,0
5,3,10.6,1,74,0
5,26,10.6,1,78,0.005
5,65,11.2,1,85,0.021
5,71,11.2,1,89,0.032
5,105,11.3,1,93,0.043
5,116,11.4,3,93,0.032
5,137,11.2,3,94,0.072
5,153,11.6,4,93,0.084
5,174,12.3,4,94,0.083
5,136,13.1,3,93,0.062
5,84,13.3,3,94,0.045
5,90,13.5,3,92,0.038
5,41,13.4,3,92,0.017
5,80,13.9,3,91,0.023
5,23,14.3,3,89,0.011
5,1,14,3,84,0
5,0,13.2,2,86,0
5,0,12.7,1,92,0
5,0,12.7,2,90,0
5,0,8.2,0,89,0
5,0,8.3,0,90,0
5,0,7.6,0,90,0
5,0,7.2,0,91,0
5,0,7.6,0,92,0
5,5,7.4,0,92,0
5,38,7.8,0,93,0.015
5,97,8.8,0,92,0.045
5,155,10,0,89,0.077
5,289,11.5,0,83,0.17
5,309,13.3,0,74,0.313
5,506,14.4,1,67,0.286
5,301,14.7,0,62,0.33
5,298,15.2,0,56,0.291
5,150,12.1,2,70,0.115
5,703,15.7,1,57,0.189
5,42,13.6,0,69,0.048
5,200,12.3,0,80,0.062
5,57,12.3,1,73,0.012
5,75,11.8,0,87,0.02
5,4,10.4,0,90,0
5,0,9.6,0,92,0
5,0,9.2,0,91,0
5,0,8.7,0,92,0
5,0,8.2,0,93,0
5,0,7.8,0,93,0
5,0,7.5,0,93,0
5,0,6.9,0,93,0
5,0,6.7,0,93,0
5,12,7.5,1,92,0.007
5,27,8.2,0,90,0.189
5,54,9.7,0,88,0.274
5,399,11.6,2,83,0.323
5,635,13.3,2,76,0.361
5,775,14.7,2,68,0.366
5,534,15.6,1,64,0.298
5,740,16.8,1,55,0.261
5,950,17.9,1,49,0.321
5,449,17.3,1,52,0.259
5,674,18.4,1,45,0.181
5,699,18.9,0,46,0.074
5,158,19.1,0,42,0.051
5,316,17.9,0,53,0.028
5,86,15,1,61,0.006
5,10,12,4,82,0
5,0,10.6,2,83,0
5,0,9.7,1,83,0
5,0,9.1,0,84,0
5,0,8.1,0,88,0
5,0,7.6,0,90,0
5,0,6.7,0,91,0
5,0,6.2,0,90,0
5,0,6,0,92,0
5,9,5.6,0,93,0.006
5,38,6.5,0,92,0.157
5,88,8.8,0,91,0.241
5,420,12.4,0,79,0.302
5,581,14.1,0,68,0.332
5,724,16.3,1,61,0.343
5,740,17.2,1,57,0.352
5,566,17.2,1,57,0.358
5,367,17.8,0,58,0.242
5,443,17.2,4,63,0.153
5,424,17.1,4,63,0.132
5,227,17.9,1,49,0.066
5,190,17.6,2,64,0.025
5,261,16.3,4,68,0.014
5,86,14.7,4,70,0.006
5,6,13.1,2,73,0
5,0,11.9,1,74,0
5,0,10.9,0,76,0
5,0,9.4,0,81,0
5,0,8.8,0,84,0
5,0,8.1,0,86,0
5,0,7.6,0,87,0
5,0,6.6,0,87,0
5,0,6.1,0,86,0
5,9,5.5,0,89,0.005
5,31,6.3,0,89,0.178
5,77,9.3,0,83,0.258
5,438,13.1,0,66,0.314
5,598,14.8,0,45,0.338
5,723,16.8,0,45,0.339
5,830,18.3,1,46,0.342
5,891,20.1,1,45,0.323
5,897,21.1,1,43,0.285
5,845,20.8,1,44,0.234
5,696,21,1,41,0.16
5,644,21.3,0,43,0.055
5,147,20.7,1,42,0.021
5,257,19.7,1,44,0.011
5,92,18.3,1,48,0.006
5,5,15.4,2,66,0
5,0,14.2,2,69,0
5,0,13.1,0,72,0
5,0,12.3,1,73,0
5,0,12.1,0,75,0
5,0,11.3,0,80,0
5,0,10.5,0,83,0
5,0,11.2,0,83,0
5,0,11.4,1,82,0
5,11,10.8,0,86,0
5,56,10.8,0,88,0.042
5,127,12.2,0,84,0.232
5,321,16.1,0,72,0.236
5,354,18,0,70,0.212
5,494,18.9,1,65,0.245
5,563,20.6,0,60,0.26
5,618,21.3,1,60,0.27
5,517,21.1,2,56,0.266
5,197,20.8,0,59,0.057
5,192,20.7,1,62,0.098
5,331,21.3,1,60,0.109
5,254,21.4,3,61,0.053
5,152,20.7,4,62,0.049
5,69,19.3,4,67,0.008
5,8,17.7,4,72,0
5,0,16.2,3,74,0
5,0,15.4,2,76,0
5,0,14.9,1,77,0
5,0,14.6,1,78,0
5,0,12.7,0,84,0
5,0,11.8,0,88,0
5,0,11.1,0,89,0
5,0,10.5,0,90,0
5,11,10.2,0,90,0.007
5,37,11.5,0,88,0.159
5,73,14.3,2,76,0.25
5,429,15.6,4,73,0.305
5,583,17.3,4,68,0.333
5,722,18.9,3,62,0.339
5,812,19.9,4,58,0.34
5,845,20.9,3,56,0.315
5,869,21.1,5,54,0.273
5,824,21.1,5,51,0.23
5,765,21.3,4,45,0.158
5,654,21.2,4,39,0.051
5,181,20.6,6,44,0.011
5,266,19.8,6,52,0.008
5,106,18.7,5,56,0.004
5,10,17.5,1,61,0
5,0,16.2,0,69,0
5,0,14.2,0,77,0
5,0,13.1,0,82,0
5,0,12.7,0,83,0
5,0,12,0,85,0
5,0,11.4,0,87,0
5,0,13.6,0,82,0
5,0,14.9,3,75,0
5,15,14.3,0,79,0.005
5,56,15.1,1,77,0.033
5,108,16.1,4,73,0.248
5,416,17.8,5,66,0.307
5,592,19.6,5,61,0.333
5,732,21.5,5,52,0.34
5,838,22.7,6,46,0.34
5,897,23.2,7,44,0.322
5,894,23.9,6,41,0.287
5,770,23.7,7,41,0.236
5,783,23.8,6,40,0.149
5,616,24.1,7,39,0.06
5,179,24.1,6,42,0.026
5,262,22.8,2,51,0.012
5,110,21.3,1,56,0.009
5,6,19.9,0,60,0
5,0,18.8,0,64,0
5,0,18.2,1,64,0
5,0,18.3,1,63,0
5,0,18,3,63,0
5,0,17.6,4,61,0
5,0,15.6,2,74,0
5,0,14.8,0,79,0
5,0,14.8,0,80,0
5,13,14.9,1,80,0.005
5,95,14.6,2,83,0.18
5,125,15,4,83,0.099
5,167,16,3,78,0.17
5,585,18.3,3,69,0.349
5,450,18.9,2,68,0.259
5,468,19.2,2,68,0.313
5,920,19.9,3,62,0.356
5,658,20.6,2,59,0.292
5,147,17.9,2,71,0.144
5,457,18.8,2,68,0.173
5,236,17.8,4,74,0.086
5,90,17.6,3,70,0.064
5,101,17.1,2,71,0.033
5,20,16.3,1,76,0.014
5,1,15.6,1,84,0
5,0,15.1,0,86,0
5,0,14.5,0,87,0
5,0,13.8,0,87,0
5,0,13,0,89,0
5,0,12.8,0,90,0
5,0,12.6,0,91,0
5,0,12.3,0,90,0
5,0,11.6,0,91,0
5,4,11.6,0,93,0
5,34,11.8,0,93,0.035
5,85,12.2,0,93,0.127
5,231,13.8,0,82,0.214
5,283,15.3,0,75,0.117
5,339,16,0,69,0.191
5,352,16.1,1,73,0.158
5,417,17,1,72,0.172
5,316,17,1,71,0.22
5,199,16.7,0,74,0.076
5,114,15.6,2,79,0.093
5,156,14.9,2,85,0.086
5,127,14.8,0,83,0.059
5,93,14.4,0,86,0.054
5,56,14.1,0,87,0.032
5,1,13.1,0,88,0
5,0,12.8,0,89,0
5,0,12.6,0,92,0
5,0,12.6,0,94,0
5,0,12.6,0,95,0
5,0,12.8,0,95,0
5,0,12.6,1,95,0
5,0,12.6,3,95,0
5,0,11.9,3,94,0
5,13,12.3,2,94,0
5,53,12.7,2,92,0.114
5,103,12.9,2,90,0.309
5,402,14.8,1,80,0.327
5,285,14.9,2,77,0.338
5,380,15.4,2,75,0.231
5,471,14.9,6,76,0.234
5,229,15,7,81,0.187
5,584,16.7,9,74,0.275
5,571,16.6,10,69,0.225
5,68,13.8,5,87,0.114
5,272,15,7,79,0.123
5,210,15.8,6,67,0.08
5,120,14.8,1,77,0.046
5,78,13.4,3,83,0.066
5,10,12.7,1,85,0
5,0,12.9,1,82,0
5,0,13.7,3,77,0
5,0,13.4,5,78,0
5,0,11.7,0,80,0
5,0,10.1,0,88,0
5,0,10.4,0,88,0
5,0,10.5,0,90,0
5,0,11.5,1,93,0
5,4,11.6,3,93,0
5,31,11.5,3,94,0.005
5,43,11.6,4,93,0.02
5,127,11.6,2,93,0.053
5,368,13.2,4,88,0.35
5,291,13.2,4,83,0.303
5,456,13.5,5,74,0.242
5,647,14.7,5,66,0.294
5,360,13.9,7,68,0.256
5,140,11.1,3,83,0.144
5,332,10.9,1,86,0.162
5,519,12,3,83,0.073
5,191,12.7,3,78,0.06
5,317,12.1,3,82,0.058
5,181,11.9,2,78,0.014
5,29,10.7,1,85,0.004
5,0,9.9,2,87,0
5,0,9.7,2,89,0
5,0,9.6,3,89,0
5,0,11.3,0,90,0
5,0,11.1,0,91,0
5,0,11.2,0,91,0
5,0,11.3,0,90,0
5,0,10.5,0,92,0
5,4,10.4,0,92,0
5,34,10.7,0,89,0.011
5,45,11,0,88,0.025
5,140,12,0,84,0.1
5,30,11.4,0,94,0.239
5,366,15.2,0,72,0.193
5,297,16.1,0,69,0.116
5,364,17,0,69,0.148
5,259,17.3,0,71,0.157
5,94,15.6,0,79,0.073
5,120,15.1,0,85,0.057
5,69,15.1,0,88,0.044
5,49,13.8,0,91,0.022
5,32,13.6,0,93,0.016
5,31,13.3,0,94,0.007
5,4,12.7,0,94,0
5,0,12.2,0,94,0
5,0,11.7,0,93,0
5,0,11.3,1,93,0
5,0,11.2,0,93,0
5,0,11.2,0,94,0
5,0,11.4,0,94,0
5,0,11.3,0,95,0
5,0,11.3,1,95,0
5,0,11.3,1,95,0
5,12,11.6,1,96,0
5,20,12,1,96,0
5,52,12.3,1,96,0.026
5,81,12.3,1,96,0.037
5,57,11.9,1,96,0.016
5,66,11.9,1,96,0.033
5,118,12.2,1,96,0.08
5,131,12.6,1,95,0.058
5,110,12.2,2,95,0.053
5,52,12,1,95,0.021
5,60,12.1,1,95,0.017
5,47,12.1,2,95,0.014
5,27,12.1,1,96,0.004
5,5,12.2,0,96,0
5,0,12.3,0,96,0
5,0,12.2,0,96,0
5,0,11.6,0,96,0
5,0,11,1,95,0
5,0,10.2,1,96,0
5,0,9.9,1,96,0
5,0,9.8,1,96,0
5,0,9.8,1,96,0
5,0,9.8,0,96,0
5,0,9.9,1,96,0
5,10,9.9,1,96,0
5,30,10.6,0,97,0.011
5,65,11,1,97,0.024
5,73,11.6,1,97,0.027
5,90,11.9,1,96,0.034
5,108,12.5,1,95,0.052
5,107,13.1,0,93,0.058
5,80,12.9,0,92,0.028
5,76,13.3,0,91,0.035
5,127,13.7,0,90,0.058
5,112,13.8,0,90,0.046
5,94,13.8,0,90,0.045
5,31,13.4,0,91,0.015
5,23,13.2,0,92,0
5,3,12.9,0,94,0
5,0,12.7,0,95,0
5,0,12.6,0,95,0
5,0,12.4,0,95,0
5,0,12.3,0,96,0
5,0,12.2,0,96,0
5,0,12.2,1,96,0
5,0,11.8,1,95,0
5,0,11.9,0,95,0
5,10,12.1,2,95,0
5,52,12.5,1,95,0.025
5,109,12.9,3,92,0.058
5,141,13.6,1,91,0.163
5,192,14.4,2,86,0.149
5,188,14.3,3,88,0.109
5,452,16,4,79,0.303
5,909,16.9,4,75,0.341
5,687,17.6,5,70,0.291
5,775,17.8,4,70,0.276
5,764,17.6,4,70,0.204
5,623,18.2,3,65,0.119
5,204,17.2,4,68,0.078
5,103,16.7,2,71,0.039
5,28,15.8,1,82,0.038
5,15,14.4,0,88,0
5,0,13.5,0,90,0
5,0,12.8,0,92,0
5,0,12.7,0,92,0
5,0,12.6,0,92,0
5,0,12.2,0,91,0
5,0,12.1,0,92,0
5,0,12,0,91,0
5,0,11.8,0,91,0
5,11,12.2,0,91,0
5,36,12.6,0,90,0.008
5,57,12.8,0,90,0.019
5,149,13.8,0,85,0.071
5,176,14.1,0,83,0.092
5,350,15.7,1,76,0.178
5,199,15.1,0,76,0.137
5,85,13.8,0,80,0.081
5,201,14.3,0,76,0.143
5,576,16.4,0,68,0.199
5,687,16.6,0,67,0.208
5,704,16.4,1,62,0.071
5,465,16.2,0,63,0.032
5,203,14.7,0,67,0.027
5,122,13.9,0,71,0.008
5,22,12.6,0,76,0.001
5,0,11.3,0,81,0
5,0,10.4,0,86,0
5,0,9.8,0,88,0
5,0,9.3,0,90,0
5,0,8.7,0,91,0
5,0,8.2,0,93,0
5,0,8.1,0,94,0
5,0,7.6,0,94,0
5,16,7.7,0,94,0.016
5,82,8.9,0,95,0.122
5,71,10.9,0,91,0.274
5,458,13.4,0,79,0.316
5,632,15.7,0,54,0.353
5,769,17,0,47,0.358
5,865,17.4,1,56,0.354
5,596,18.2,1,53,0.358
5,358,17.1,1,54,0.222
5,297,16.8,1,56,0.136
5,272,17.2,0,59,0.125
5,369,18.3,0,53,0.114
5,261,18,1,59,0.082
5,160,17.6,0,57,0.047
5,32,16.9,0,61,0.024
5,1,16.1,0,63,0
5,0,14.7,2,77,0
5,0,14.2,0,79,0
5,0,13.9,0,82,0
6,0,13.3,0,84,0
6,0,13,0,87,0
6,0,12.9,0,86,0
6,0,12.5,0,89,0
6,0,12.4,0,89,0
6,13,11.4,0,91,0.011
6,42,11.8,0,88,0.105
6,109,13.3,0,83,0.235
6,218,14.4,0,79,0.188
6,553,16.7,0,71,0.354
6,407,17.5,0,63,0.34
6,560,18.8,0,59,0.363
6,227,17.4,0,65,0.191
6,754,19.1,2,57,0.325
6,376,18.4,1,58,0.138
6,146,21.4,0,54,0.166
6,61,19.2,1,60,0.081
6,421,19,3,63,0.068
6,53,17.4,3,69,0.035
6,15,16.6,2,72,0
6,17,16.1,2,72,0
6,0,15.1,3,76,0
6,0,14.1,1,80,0
6,0,13.2,2,85,0
6,0,12.6,0,87,0
6,0,12.3,1,88,0
6,0,11.8,2,91,0
6,0,11.7,3,93,0
6,0,11.6,0,93,0
6,13,11.5,2,94,0
6,41,11.8,0,94,0.015
6,73,12.1,1,94,0.025
6,133,12.8,0,94,0.081
6,297,14.6,0,89,0.137
6,383,16.4,0,78,0.212
6,499,17.6,1,72,0.276
6,898,19.7,2,63,0.336
6,520,19.6,1,63,0.212
6,510,20,2,62,0.294
6,278,19.2,2,65,0.1
6,246,19,1,62,0.087
6,285,18.7,2,68,0.082
6,97,17.3,1,68,0.052
6,59,15.9,1,74,0.007
6,23,15.1,1,80,0.005
6,0,14.4,0,80,0
6,0,13.6,2,83,0
6,0,13.2,1,86,0
6,0,13.1,0,89,0
6,0,13.1,0,90,0
6,0,12.8,1,91,0
6,0,12.8,0,90,0
6,0,12.5,1,91,0
6,8,12.3,1,92,0
6,34,12.2,2,94,0.007
6,58,12.4,2,94,0.025
6,110,13.3,1,92,0.063
6,212,14.3,2,87,0.097
6,306,15.3,1,83,0.148
6,147,14.2,2,89,0.089
6,259,15.5,1,83,0.138
6,210,15.7,1,81,0.211
6,768,18.2,2,66,0.244
6,625,17.8,2,66,0.183
6,437,16.2,3,69,0.088
6,219,15.7,2,74,0.086
6,147,15.4,1,76,0.056
6,76,15.1,1,75,0.026
6,13,13.9,1,78,0.004
6,0,13.1,1,80,0
6,0,12.6,1,84,0
6,0,12.1,1,88,0
6,0,11.8,1,90,0
6,0,11.6,2,91,0
6,0,11.4,1,92,0
6,0,11.3,0,93,0
6,0,11.1,1,94,0
6,6,11,0,94,0
6,45,11.2,0,94,0.017
6,80,10.9,0,89,0.032
6,83,11.4,0,91,0.043
6,139,11.6,1,90,0.067
6,130,11.5,0,92,0.072
6,318,13,0,92,0.185
6,112,12.4,1,86,0.107
6,424,14.4,1,83,0.252
6,486,13.7,1,93,0.265
6,113,12.3,2,87,0.092
6,311,13.3,3,83,0.134
6,521,14.3,4,71,0.087
6,425,14.8,3,63,0.032
6,142,13.7,2,66,0.024
6,28,11.6,3,67,0.002
6,0,9.8,2,74,0
6,0,8.7,0,80,0
6,0,8,0,84,0
6,0,7.7,1,86,0
6,0,7,0,90,0
6,0,7.3,1,93,0
6,0,8.6,2,95,0
6,0,9.4,2,94,0
6,18,9.9,2,91,0.001
6,27,9.6,1,91,0.186
6,63,10.6,2,88,0.291
6,363,12.4,3,82,0.322
6,638,14.3,3,69,0.364
6,491,15.3,3,69,0.37
6,752,16.5,4,61,0.385
6,653,16.8,3,60,0.341
6,550,17.5,3,54,0.294
6,303,16.9,2,57,0.278
6,228,16.9,3,59,0.137
6,516,17.2,3,53,0.101
6,504,17.2,3,52,0.026
6,367,16.7,2,47,0.012
6,196,15.2,1,47,0.008
6,23,13.4,0,58,0.005
6,0,12.1,0,65,0
6,0,11.4,1,72,0
6,0,10.3,0,79,0
6,0,9.3,1,84,0
6,0,8.1,0,87,0
6,0,7.8,0,88,0
6,0,7.2,0,90,0
6,0,6.3,0,92,0
6,17,6.3,0,93,0.012
6,93,8.7,0,93,0.119
6,62,13.2,2,76,0.265
6,441,15.8,4,59,0.3
6,607,17.4,4,59,0.346
6,744,18.2,6,52,0.369
6,855,19.4,4,51,0.354
6,904,20.1,5,47,0.33
6,927,20.9,5,47,0.301
6,891,21.7,5,45,0.242
6,757,22.3,5,48,0.171
6,652,22.3,5,48,0.069
6,495,22.2,2,52,0.015
6,285,20.7,1,54,0.027
6,90,18.9,1,62,0.029
6,30,17.3,1,64,0.007
6,0,16.2,1,69,0
6,0,15.7,0,74,0
6,0,15.3,0,77,0
6,0,15.1,0,79,0
6,0,14.8,0,82,0
6,0,14.3,0,84,0
6,0,14.1,0,86,0
6,0,13.7,0,87,0
6,15,14.2,0,90,0
6,48,15.5,0,84,0.021
6,108,17.2,0,84,0.087
6,275,19.3,0,79,0.243
6,211,20.6,3,76,0.147
6,132,18.7,3,82,0.142
6,348,20.1,2,80,0.212
6,361,20.9,2,72,0.288
6,850,21.7,3,70,0.301
6,548,22.2,2,64,0.251
6,461,21.9,2,65,0.163
6,397,21.9,2,61,0.103
6,304,21.7,2,59,0.047
6,264,21.3,1,56,0.031
6,232,20.7,1,54,0.016
6,23,18.5,1,63,0
6,0,16.6,0,71,0
6,0,14.9,0,76,0
6,0,14.2,0,79,0
6,0,13.2,0,83,0
6,0,12.3,0,86,0
6,0,11.4,0,89,0
6,0,10.7,0,90,0
6,0,10.6,0,91,0
6,23,12.8,1,88,0.017
6,40,13,0,90,0.196
6,62,15,1,78,0.274
6,478,18.3,0,66,0.318
6,630,20.2,1,60,0.341
6,763,21.6,1,55,0.346
6,864,22.6,1,52,0.343
6,935,23.8,1,50,0.33
6,959,24.6,1,44,0.301
6,978,24.9,2,41,0.247
6,889,25.1,1,41,0.171
6,495,23.9,2,44,0.141
6,261,22.2,5,57,0.083
6,142,21.2,5,57,0.045
6,188,21.2,2,54,0.033
6,35,20.5,0,56,0.005
6,0,19.2,0,66,0
6,0,18.2,0,58,0
6,0,16.9,0,61,0
6,0,16,0,62,0
6,0,15.1,0,68,0
6,0,15.9,0,73,0
6,0,15.8,0,80,0
6,0,15.4,0,83,0
6,20,15.8,0,86,0.001
6,54,16.4,0,87,0.028
6,151,17.8,0,86,0.123
6,205,19.9,3,80,0.156
6,189,19.6,4,80,0.076
6,267,19.8,3,82,0.23
6,317,20.7,2,79,0.21
6,412,20.7,3,81,0.211
6,454,22.2,1,69,0.226
6,845,24.4,1,55,0.258
6,325,23.7,1,58,0.207
6,194,22.2,4,63,0.069
6,124,19,6,82,0.084
6,116,19.7,0,76,0.033
6,129,19.8,0,77,0.019
6,25,18.9,0,82,0.01
6,0,17.7,0,85,0
6,0,17.1,0,84,0
6,0,17,0,85,0
6,0,16.7,0,86,0
6,0,16.1,0,86,0
6,0,16.2,0,87,0
6,0,15.2,0,90,0
6,0,14.4,0,89,0
6,11,14.1,0,91,0.007
6,34,14.4,0,91,0.189
6,56,16,0,77,0.275
6,479,18.4,0,70,0.304
6,407,19.5,1,62,0.266
6,323,19.6,1,61,0.242
6,879,20.9,2,49,0.38
6,937,21.7,2,47,0.341
6,906,21.9,3,53,0.308
6,920,22,3,47,0.238
6,834,21.8,3,46,0.181
6,710,21.1,2,51,0.066
6,556,20,3,51,0.011
6,395,19.2,3,55,0.007
6,217,18.1,3,56,0.005
6,25,16.7,1,63,0
6,0,15.3,0,67,0
6,0,14.2,0,73,0
6,0,13.1,1,84,0
6,0,12.7,1,87,0
6,0,11.7,0,90,0
6,0,11.4,0,92,0
6,0,11.1,0,92,0
6,0,11.2,0,92,0
6,16,11.2,0,92,0.012
6,57,11.9,0,91,0.046
6,139,12.7,1,89,0.182
6,481,15.1,1,80,0.34
6,595,17,1,71,0.358
6,810,18.7,1,61,0.38
6,820,19.6,2,55,0.372
6,485,19.2,2,56,0.36
6,593,20.7,1,49,0.3
6,747,21.6,1,50,0.219
6,786,21.4,2,53,0.222
6,363,20.9,1,60,0.081
6,366,20.5,2,62,0.062
6,268,20.2,1,63,0.027
6,96,19,1,68,0.014
6,35,18.2,0,71,0.004
6,0,16.9,0,76,0
6,0,16.1,0,79,0
6,0,15.1,0,82,0
6,0,14.2,0,85,0
6,0,13.7,0,88,0
6,0,12.8,0,89,0
6,0,12,0,91,0
6,0,11.9,0,92,0
6,15,12.1,0,91,0.012
6,51,13.3,0,88,0.184
6,80,15.8,0,79,0.25
6,425,19.4,0,64,0.284
6,544,21,0,55,0.333
6,307,21.1,0,55,0.358
6,243,20.7,0,53,0.169
6,340,21.9,0,51,0.365
6,452,23.2,0,48,0.286
6,805,23.7,2,44,0.258
6,441,23.8,0,46,0.212
6,590,22.8,3,52,0.051
6,460,22.9,2,53,0.04
6,356,21.9,3,54,0.027
6,185,20.7,4,56,0.009
6,26,19.4,1,60,0.001
6,0,17.9,2,64,0
6,0,16.7,2,68,0
6,0,16.1,1,69,0
6,0,16.1,0,74,0
6,0,15.8,0,76,0
6,0,16.1,0,73,0
6,0,15.6,0,78,0
6,0,15.8,0,78,0
6,2,15.5,0,81,0
6,56,15.9,0,83,0.069
6,133,16.8,0,78,0.158
6,302,18.1,0,76,0.251
6,264,18.2,0,74,0.151
6,241,17.8,0,78,0.118
6,118,16.9,0,83,0.094
6,167,17.1,0,83,0.085
6,174,17,0,82,0.125
6,131,17.6,0,80,0.117
6,92,17,0,81,0.089
6,344,18.9,0,75,0.105
6,150,17.6,0,76,0.069
6,370,20.3,2,55,0.038
6,259,20.6,1,54,0.022
6,19,15.2,0,77,0.003
6,0,14.1,0,81,0
6,0,13.4,0,83,0
6,0,13,0,78,0
6,0,13.1,0,81,0
6,0,12.4,0,85,0
6,0,12.4,0,86,0
6,0,12.5,0,86,0
6,0,12.8,0,83,0
6,16,13,0,82,0.001
6,46,13.3,0,83,0.015
6,93,13.6,0,84,0.043
6,156,14.3,0,80,0.072
6,169,14.8,0,73,0.104
6,273,15.3,0,70,0.092
6,287,16.1,0,71,0.143
6,186,15.7,0,73,0.114
6,281,15.9,0,73,0.15
6,249,16.3,0,74,0.129
6,226,16.7,0,71,0.105
6,48,15.6,0,76,0.041
6,177,16.4,0,73,0.074
6,131,15.7,0,70,0.043
6,29,14.9,0,68,0.024
6,10,14.3,0,67,0.001
6,0,13.9,0,69,0
6,0,13.4,0,75,0
6,0,13,0,79,0
6,0,12.9,0,80,0
6,0,12.5,0,78,0
6,0,12.7,0,77,0
6,0,12.5,0,78,0
6,0,12.6,0,79,0
6,12,12.4,0,76,0.011
6,64,12.2,0,74,0.053
6,139,12.9,0,71,0.107
6,196,13.6,0,71,0.104
6,277,14.7,0,68,0.271
6,321,15.2,1,64,0.377
6,890,18.8,0,57,0.405
6,807,19.5,0,54,0.328
6,999,20.3,1,51,0.318
6,847,21.1,1,56,0.253
6,736,20.8,1,55,0.186
6,620,19.4,1,60,0.081
6,298,18.4,0,65,0.06
6,227,17.4,0,67,0.052
6,125,16.3,0,73,0.03
6,26,15.2,0,79,0.002
6,0,14.4,0,63,0
6,0,13.7,0,64,0
6,0,12.9,0,71,0
6,0,12.3,0,80,0
6,0,11.8,0,85,0
6,0,12,0,85,0
6,0,12.4,0,85,0
6,0,12.5,0,87,0
6,5,12.7,0,87,0
6,58,12.9,0,88,0.044
6,112,14,0,85,0.077
6,113,14.8,0,83,0.052
6,188,15.7,0,80,0.094
6,287,16.4,0,79,0.159
6,140,16.3,0,80,0.075
6,201,16.1,0,91,0.409
6,959,20.6,0,74,0.36
6,433,20.6,0,67,0.313
6,827,22.1,0,62,0.252
6,207,19.9,0,67,0.09
6,244,19.3,0,66,0.068
6,377,19.6,0,61,0.029
6,189,18.6,0,65,0.024
6,24,16.8,0,71,0
6,0,15.2,0,82,0
6,0,13.9,0,86,0
6,0,12.7,0,89,0
6,0,11.6,0,90,0
6,0,10.7,0,91,0
6,0,10.1,0,92,0
6,0,9.8,0,92,0
6,0,9.2,0,93,0
6,17,8.7,0,94,0.032
6,62,9.4,0,94,0.22
6,55,11.8,0,95,0.273
6,458,15.3,0,86,0.321
6,614,18.3,0,74,0.333
6,721,20.6,0,67,0.347
6,893,22.9,0,61,0.378
6,277,21.6,0,64,0.208
6,252,21.6,0,66,0.151
6,347,21.1,1,71,0.258
6,65,18.1,0,81,0.05
6,110,15.2,0,87,0.09
6,70,15.1,0,84,0.047
6,40,14.4,0,90,0.028
6,64,14.5,0,87,0.03
6,22,14.4,0,86,0.003
6,0,14.1,0,87,0
6,0,12.9,0,89,0
6,0,11.8,0,90,0
6,0,10.9,0,92,0
6,0,10.3,0,92,0
6,0,9.7,0,92,0
6,0,9.3,0,91,0
6,0,8.8,0,92,0
6,18,8.9,0,93,0.028
6,61,10.2,0,92,0.204
6,127,12.1,0,89,0.167
6,283,14.5,0,79,0.315
6,336,15.6,0,74,0.393
6,746,17.6,0,64,0.433
6,878,19.7,0,56,0.406
6,832,20.1,1,54,0.345
6,822,20.3,1,47,0.345
6,646,20.8,0,49,0.279
6,685,20.7,0,51,0.21
6,360,20.9,1,48,0.123
6,170,18.7,3,61,0.048
6,356,18.6,5,60,0.053
6,183,17.7,4,62,0.012
6,30,16.2,3,63,0.001
6,0,14.8,1,62,0
6,0,13.9,1,63,0
6,0,13.1,0,68,0
6,0,12.9,0,66,0
6,0,12.3,0,67,0
6,0,11.7,0,68,0
6,0,10.6,0,75,0
6,0,9.9,0,79,0
6,18,10.9,0,77,0.027
6,59,12.8,0,74,0.192
6,135,14.6,0,70,0.27
6,413,16.4,1,65,0.312
6,592,18.3,1,60,0.344
6,731,19.9,2,59,0.355
6,841,20.8,2,58,0.374
6,829,21.4,2,57,0.338
6,797,22.3,2,54,0.315
6,798,23.1,2,52,0.291
6,222,22,1,55,0.131
6,374,22.7,1,52,0.111
6,247,23,1,50,0.063
6,109,21.3,0,59,0.037
6,95,21,0,62,0.027
6,45,21.1,0,52,0.007
6,0,17.8,0,76,0
6,0,15.8,0,82,0
6,0,14.9,0,84,0
6,0,14.2,0,87,0
6,0,13.7,0,89,0
6,0,13.3,0,90,0
6,0,12.7,0,90,0
6,0,12.3,0,91,0
6,25,12.3,0,91,0.037
6,49,13.2,0,93,0.208
6,88,15.3,0,83,0.309
6,349,18.3,0,67,0.359
6,600,20.6,0,60,0.36
6,690,22.1,1,49,0.374
6,864,22.6,2,48,0.377
6,565,22.6,1,55,0.38
6,844,23.6,1,50,0.301
6,871,23.8,2,50,0.252
6,255,22.4,2,52,0.198
6,600,22.8,3,43,0.086
6,579,22.9,2,40,0.02
6,374,22,3,41,0.021
6,96,20.2,1,49,0.027
6,33,18.7,0,60,0.001
6,0,16.8,0,65,0
6,0,15.6,0,69,0
6,0,13.9,0,75,0
6,0,13.1,0,80,0
6,0,12.7,0,81,0
6,0,11.8,0,85,0
6,0,11.6,0,85,0
6,0,11.1,0,85,0
6,16,10.7,0,87,0.006
6,67,12.3,0,86,0.04
6,103,14.9,0,76,0.038
6,158,15.9,2,74,0.398
6,472,18.8,1,63,0.408
6,615,20.6,0,57,0.354
6,479,21.8,0,49,0.374
6,534,23.2,0,45,0.377
6,282,23.1,0,44,0.389
6,408,23.3,0,51,0.256
6,256,22.8,0,51,0.135
6,665,22.5,4,53,0.107
6,454,22.9,3,53,0.023
6,334,23.1,2,52,0.025
6,42,21.6,1,57,0.009
6,11,19.7,3,63,0
6,0,18.6,3,64,0
6,0,18.2,1,66,0
6,0,17.5,0,69,0
6,0,16.6,0,73,0
6,0,15.6,0,77,0
6,0,14.8,0,81,0
6,0,13.9,0,82,0
6,0,13.1,0,86,0
6,17,13.4,0,90,0.022
6,48,15.2,0,92,0.075
6,144,16.4,0,89,0.28
6,312,18.3,0,81,0.314
6,596,20.9,0,69,0.35
6,683,22.1,1,58,0.365
6,778,23.3,1,53,0.335
6,831,24.3,1,51,0.344
6,350,22.9,1,55,0.32
6,311,22.8,1,57,0.249
6,331,21,2,63,0.2
6,57,19.2,3,74,0.115
6,253,19.6,3,72,0.064
6,66,19.6,1,72,0.022
6,15,18.7,0,74,0.011
6,1,15,1,90,0
6,0,14.6,0,92,0
6,0,14.4,0,92,0
6,0,14.2,0,92,0
6,0,13.8,0,89,0
6,0,13.4,0,89,0
6,0,12.9,0,89,0
6,0,12,0,89,0
6,0,11.3,0,89,0
6,14,10.9,0,90,0.022
6,37,11.9,0,86,0.213
6,48,13.2,0,79,0.295
6,408,15.5,0,68,0.414
6,450,16.6,0,66,0.439
6,687,17.7,0,57,0.452
6,779,18.1,0,52,0.429
6,925,20.3,1,47,0.426
6,536,19.7,0,48,0.378
6,552,18.8,1,50,0.291
6,659,19.5,1,46,0.245
6,418,19,1,48,0.135
6,440,19.7,1,46,0.039
6,297,18.3,1,52,0.025
6,172,17.6,0,54,0.011
6,36,15.9,0,61,0.004
6,0,14.4,1,67,0
6,0,13.2,0,72,0
6,0,11.9,0,78,0
6,0,11.7,0,79,0
6,0,10.7,0,82,0
6,0,9.7,0,86,0
6,0,9.3,0,88,0
6,0,9.1,0,89,0
6,27,9,0,90,0.034
6,76,10.1,0,89,0.169
6,62,12.3,0,84,0.306
6,243,15.4,0,71,0.45
6,383,16.9,0,64,0.448
6,850,18.9,2,49,0.435
6,512,18.4,1,56,0.27
6,577,19.9,0,53,0.399
6,594,20.2,1,54,0.381
6,567,20.1,1,55,0.347
6,533,20.2,1,54,0.24
6,526,19.7,1,60,0.121
6,271,19.1,1,61,0.061
6,108,17.7,1,65,0.056
6,49,16.8,0,70,0.038
6,2,15.3,0,82,0
6,0,14.7,0,84,0
6,0,14.1,0,86,0
6,0,13.7,0,89,0
6,0,13.7,0,88,0
6,0,13.7,0,87,0
6,0,13.1,0,90,0
6,0,12.7,0,91,0
6,0,12.4,0,92,0
6,20,12.8,2,91,0.006
6,71,13.3,2,91,0.103
6,123,14.8,1,89,0.19
6,250,16,3,86,0.176
6,382,18.1,1,73,0.348
6,397,19.2,1,66,0.3
6,618,20.3,2,60,0.406
6,496,19.9,2,59,0.355
6,614,21.4,2,51,0.358
6,778,21.6,2,53,0.323
6,833,22,3,52,0.21
6,714,21.8,3,51,0.113
6,463,20.8,2,52,0.037
6,386,20,3,52,0.01
6,194,18.3,2,63,0.013
6,38,16.8,1,69,0.011
6,0,15.6,1,75,0
6,0,14.6,1,82,0
6,0,13.7,1,86,0
6,0,13.4,0,88,0
6,0,13,1,89,0
6,0,12.8,0,89,0
6,0,11.8,0,90,0
6,0,11.5,0,91,0
6,12,11.9,1,93,0.018
6,51,12.7,0,94,0.228
6,86,14.4,0,88,0.329
6,160,15.3,0,82,0.362
6,71,14.4,1,85,0.448
6,218,15.8,0,84,0.214
6,312,16.7,1,76,0.282
6,463,18.4,1,67,0.37
6,109,16.8,0,73,0.062
6,249,17.4,2,69,0.298
6,161,15.2,1,84,0.1
6,135,15.3,1,83,0.063
6,237,15.8,1,80,0.09
6,70,15.2,0,82,0.038
6,260,17.1,0,75,0.055
6,30,15.6,0,76,0.004
6,0,14.3,0,83,0
6,0,13.8,0,89,0
6,0,13.6,0,92,0
6,0,13.4,0,93,0
6,0,13.1,0,93,0
6,0,12.6,0,93,0
6,0,12.2,0,93,0
6,0,11.8,0,93,0
6,15,11.6,0,93,0.017
6,68,11.9,0,92,0.072
6,101,12.7,0,83,0.277
6,235,13.8,0,80,0.225
6,342,14.8,0,75,0.201
6,455,15.9,1,68,0.278
6,698,17.8,1,61,0.425
6,803,19.3,1,49,0.386
6,407,18.6,2,50,0.358
6,364,18,1,60,0.292
6,366,17.4,1,65,0.159
6,203,14.9,0,85,0.106
6,157,15.3,1,82,0.073
6,132,15.1,1,81,0.049
6,66,14.4,1,83,0.021
6,18,14.1,0,83,0
6,0,13.6,0,84,0
6,0,12.6,0,87,0
6,0,11.8,0,90,0
7,0,11.9,0,83,0
7,0,10.9,0,85,0
7,0,10.6,0,85,0
7,0,9.6,0,89,0
7,0,9.2,0,90,0
7,14,9.6,0,91,0.013
7,35,10.5,0,91,0.202
7,68,12.8,0,87,0.299
7,453,16.1,2,73,0.343
7,599,17.6,1,64,0.41
7,677,19.2,1,59,0.401
7,752,19.8,1,51,0.402
7,978,21.6,2,50,0.373
7,246,21.2,0,46,0.325
7,918,22.7,1,42,0.282
7,784,23.6,1,39,0.191
7,552,23.4,0,40,0.095
7,278,22.1,2,49,0.069
7,186,19.7,5,59,0.056
7,82,18.9,2,62,0.022
7,18,17.9,1,65,0.006
7,0,16.9,0,68,0
7,0,15.9,0,72,0
7,0,15.4,0,75,0
7,0,14.9,0,78,0
7,0,14.8,0,78,0
7,0,14.6,0,79,0
7,0,13.7,0,81,0
7,0,12.4,0,85,0
7,12,12.1,0,86,0.01
7,31,13.1,0,85,0.214
7,52,15.6,0,77,0.281
7,459,18.1,1,71,0.321
7,612,20.6,1,56,0.342
7,749,22.5,1,45,0.349
7,859,23.8,2,44,0.361
7,905,24,3,41,0.33
7,924,24.8,2,41,0.295
7,898,25.1,2,42,0.245
7,816,24.8,3,42,0.172
7,709,24.8,3,41,0.064
7,518,24.4,3,41,0.008
7,425,23.1,3,45,0.016
7,178,21.7,2,49,0.018
7,25,19.9,1,55,0.004
7,0,18.2,0,61,0
7,0,17.1,0,64,0
7,0,16.1,2,69,0
7,0,15.2,1,75,0
7,0,14.6,1,82,0
7,0,14.2,0,83,0
7,0,13.9,1,83,0
7,0,13.6,0,85,0
7,15,13.3,0,87,0.015
7,40,14.7,2,83,0.181
7,92,16,2,78,0.282
7,433,17.9,3,73,0.313
7,591,21.5,2,60,0.336
7,723,23.8,2,53,0.35
7,819,25.6,2,49,0.333
7,799,26.2,3,47,0.32
7,612,26.3,2,48,0.327
7,854,26.6,2,44,0.244
7,785,26.5,2,46,0.169
7,670,25.9,3,45,0.067
7,511,24.6,2,45,0.036
7,321,22.9,2,47,0.018
7,72,20.9,0,60,0.004
7,29,19.2,1,71,0
7,0,17.7,1,77,0
7,0,16.8,2,83,0
7,0,16.8,2,85,0
7,0,16.7,1,86,0
7,0,16.1,3,89,0
7,0,15.7,4,93,0
7,0,15.9,4,94,0
7,0,16,2,94,0
7,2,15.8,2,94,0
7,13,15.9,2,94,0.016
7,34,16.1,1,94,0.026
7,87,16.2,2,94,0.066
7,198,17.3,2,91,0.382
7,213,18.3,3,81,0.36
7,186,19.1,3,78,0.265
7,619,20.8,3,70,0.462
7,343,20.2,3,70,0.395
7,304,20.6,3,69,0.319
7,355,20.7,2,67,0.18
7,256,19.4,3,71,0.116
7,422,20.4,2,68,0.078
7,209,19.8,1,68,0.067
7,50,18.1,1,75,0.015
7,6,16.7,2,81,0
7,0,16,1,84,0
7,0,15.4,1,88,0
7,0,14.8,2,92,0
7,0,14.6,1,94,0
7,0,14.6,0,94,0
7,0,14.7,0,94,0
7,0,14.7,0,94,0
7,0,14.8,0,95,0
7,17,14.8,0,95,0.004
7,33,14.9,0,94,0.021
7,121,15.1,0,93,0.104
7,114,15.1,0,93,0.076
7,108,15.2,0,91,0.094
7,148,15,2,88,0.097
7,158,15.5,0,87,0.139
7,314,16.2,1,79,0.276
7,512,17.3,2,69,0.273
7,609,18.6,2,64,0.298
7,432,19.2,2,61,0.219
7,298,19.3,3,56,0.143
7,473,20.3,3,57,0.071
7,217,19,3,62,0.051
7,140,17.8,2,63,0.016
7,28,17,1,68,0.013
7,0,15.7,1,71,0
7,0,14.6,1,75,0
7,0,16.7,2,58,0
7,0,15.6,1,69,0
7,0,12.1,0,85,0
7,0,11.6,0,87,0
7,0,10.7,0,88,0
7,0,10.5,0,89,0
7,13,10.2,0,90,0.012
7,50,11.3,0,90,0.221
7,84,14.3,0,79,0.278
7,421,16.8,1,68,0.325
7,393,17.6,1,67,0.36
7,470,18.8,1,58,0.407
7,594,19.7,2,56,0.438
7,560,20.3,1,54,0.407
7,729,21.2,2,48,0.385
7,891,21.9,2,48,0.302
7,413,20.2,2,51,0.199
7,295,18.7,3,63,0.07
7,301,19.4,1,57,0.047
7,263,19.3,2,54,0.049
7,76,19.7,2,57,0.026
7,68,18.9,1,60,0
7,0,15.8,0,73,0
7,0,14.5,0,78,0
7,0,14,0,81,0
7,0,13.1,0,84,0
7,0,12.9,0,86,0
7,0,12.1,0,88,0
7,0,10.9,0,89,0
7,0,10.4,0,92,0
7,11,10.9,0,93,0.024
7,53,11.6,0,93,0.213
7,116,13.6,0,91,0.265
7,469,16.8,1,74,0.327
7,269,17.7,0,64,0.407
7,256,17.9,0,65,0.448
7,150,18.3,0,59,0.442
7,297,18.9,0,56,0.145
7,34,16.7,0,75,0.093
7,211,16.3,0,81,0.105
7,46,16.2,0,83,0.043
7,147,16.7,0,83,0.055
7,165,17.3,0,69,0.058
7,75,16.6,1,75,0.032
7,113,15.4,2,78,0.021
7,9,14.2,1,86,0
7,0,14.7,0,86,0
7,0,13.8,0,91,0
7,0,13.3,0,92,0
7,0,13.4,0,93,0
7,0,13.4,0,92,0
7,0,13.1,0,92,0
7,0,12.8,0,93,0
7,0,12.9,0,93,0
7,5,13.2,1,93,0
7,27,13.6,1,92,0.022
7,70,13.9,1,90,0.042
7,119,14.4,2,87,0.131
7,239,15.6,1,80,0.427
7,372,16.8,1,73,0.426
7,449,17.7,2,67,0.404
7,414,18.5,2,63,0.397
7,563,20.3,2,55,0.343
7,819,22.2,2,48,0.32
7,314,20.7,2,50,0.238
7,323,21.2,2,48,0.123
7,327,22.3,2,45,0.098
7,204,21.2,2,46,0.045
7,99,20.3,1,48,0.033
7,20,18.9,2,43,0
7,0,18.1,1,47,0
7,0,17.2,1,54,0
7,0,16.6,2,56,0
7,0,16.3,1,61,0
7,0,15.9,1,64,0
7,0,15.8,2,66,0
7,0,15.3,1,69,0
7,0,15,1,75,0
7,0,14.4,1,79,0
7,11,13.8,1,83,0
7,27,13.9,1,83,0.004
7,24,13.6,2,85,0.01
7,95,14.3,1,83,0.041
7,76,14.3,1,84,0.026
7,59,14.3,1,85,0.02
7,57,14.3,1,86,0.018
7,97,14.8,1,85,0.033
7,89,15.1,1,83,0.029
7,72,14.7,1,88,0.035
7,131,15,1,88,0.06
7,69,14.9,1,88,0.048
7,50,14.2,0,92,0.014
7,27,13.9,0,93,0.013
7,3,13.8,0,93,0
7,0,13.8,0,94,0
7,0,13.8,0,94,0
7,0,13.6,0,94,0
7,0,13.6,0,94,0
7,0,13.5,1,93,0
7,0,13.3,1,93,0
7,0,13.3,1,93,0
7,0,13.3,1,93,0
7,0,13.1,1,94,0
7,0,12.9,1,94,0
7,10,12.8,1,94,0
7,21,12.6,1,94,0.015
7,52,12.7,1,95,0.023
7,50,13,1,94,0.02
7,59,13.6,1,95,0.022
7,64,14.2,0,95,0.03
7,65,14.6,0,94,0.027
7,62,14.7,0,95,0.024
7,75,15.1,1,96,0.045
7,45,15.2,0,96,0.017
7,41,15.4,0,96,0.01
7,29,15.6,0,96,0.007
7,27,15.8,0,96,0.008
7,5,15.5,0,95,0
7,0,15.3,0,95,0
7,0,15.3,0,95,0
7,0,15.2,0,94,0
7,0,15.1,0,94,0
7,0,14.9,0,95,0
7,0,14.7,0,95,0
7,0,14.7,0,96,0
7,0,14.4,0,96,0
7,0,14.4,0,96,0
7,11,14.3,0,96,0.001
7,24,14.1,0,96,0.008
7,46,14.2,0,97,0.027
7,83,14.5,0,96,0.043
7,124,14.8,0,95,0.061
7,161,15.6,0,93,0.098
7,295,16.9,0,89,0.178
7,435,19.1,1,80,0.312
7,534,20.7,1,78,0.27
7,569,22.3,2,73,0.21
7,558,23.4,2,69,0.086
7,166,22.1,3,78,0.053
7,152,21.7,2,78,0.06
7,84,21.7,0,74,0.043
7,19,20.2,0,76,0.002
7,0,19.1,0,80,0
7,0,18.3,0,83,0
7,0,17.8,0,85,0
7,0,17.1,0,88,0
7,0,16.6,0,91,0
7,0,16.7,0,92,0
7,0,16.7,0,93,0
7,0,16.6,0,93,0
7,4,16.6,0,93,0
7,12,16.6,0,93,0.006
7,108,17.2,1,92,0.047
7,106,17.3,1,93,0.066
7,108,17.6,1,92,0.054
7,141,18.4,1,88,0.145
7,328,20.1,1,81,0.439
7,192,20.6,1,79,0.398
7,802,22.7,1,74,0.366
7,383,22.7,1,69,0.321
7,907,24.8,3,55,0.226
7,215,24.1,1,60,0.093
7,198,22,3,67,0.091
7,227,22,2,66,0.059
7,143,21.1,1,65,0.035
7,38,20,0,67,0.012
7,0,18.5,0,70,0
7,0,17.2,0,72,0
7,0,16.1,0,68,0
7,0,15,0,72,0
7,0,14.3,0,72,0
7,0,13.1,0,77,0
7,0,12.3,0,78,0
7,0,11.7,0,81,0
7,11,11.5,0,82,0.005
7,32,12.3,0,82,0.212
7,77,14.1,1,77,0.289
7,390,15.9,1,71,0.329
7,608,17.6,2,66,0.397
7,511,18.4,1,62,0.406
7,887,20.4,2,53,0.386
7,894,21.1,2,49,0.361
7,859,21.9,2,46,0.338
7,803,22.3,2,46,0.282
7,464,22.2,2,55,0.201
7,325,21.4,2,58,0.103
7,500,22.6,2,55,0.046
7,372,20.9,3,60,0.045
7,195,20.1,2,64,0.007
7,20,18.2,1,76,0.002
7,0,17.2,1,83,0
7,0,17,0,84,0
7,0,16.8,1,86,0
7,0,16.8,1,86,0
7,0,17,1,87,0
7,0,17.1,3,87,0
7,0,17.1,2,87,0
7,0,17.1,1,88,0
7,7,16.7,0,91,0.004
7,52,17.1,0,90,0.023
7,42,17.1,1,90,0.032
7,195,17.4,1,91,0.389
7,325,19.1,2,78,0.421
7,576,20.5,2,67,0.42
7,879,22.6,1,57,0.394
7,488,23,1,57,0.388
7,797,23.9,1,52,0.34
7,723,24.1,1,52,0.29
7,743,25.1,1,49,0.217
7,480,25,1,55,0.082
7,506,25.2,1,55,0.031
7,367,23.9,2,60,0.049
7,171,22.4,1,63,0.011
7,22,20.6,0,67,0
7,0,18.9,1,73,0
7,0,17.6,2,78,0
7,0,16.7,0,82,0
7,0,16.1,1,84,0
7,0,15.2,0,87,0
7,0,14.7,1,89,0
7,0,14.2,1,91,0
7,0,13.5,0,92,0
7,10,13.2,0,93,0.009
7,28,13.3,0,93,0.186
7,44,15.4,1,88,0.264
7,423,17.7,0,78,0.308
7,576,19.8,1,73,0.328
7,712,21.5,2,69,0.361
7,849,23.7,1,60,0.389
7,656,23.9,1,57,0.358
7,908,25.7,1,49,0.303
7,866,25.8,2,48,0.255
7,635,25.3,2,55,0.186
7,493,25.6,1,56,0.093
7,436,25.7,2,55,0.03
7,256,24.3,1,60,0.02
7,106,22.3,2,66,0.018
7,25,20.8,1,72,0
7,0,19.9,0,78,0
7,0,19.2,0,82,0
7,0,18.6,0,84,0
7,0,17.6,0,87,0
7,0,17.5,0,87,0
7,0,17.3,0,88,0
7,0,17,0,88,0
7,0,16.4,0,90,0
7,5,16.1,0,92,0
7,32,15.8,0,92,0.177
7,58,17.4,0,91,0.254
7,301,20.9,0,75,0.323
7,543,22.8,0,71,0.382
7,262,23.3,0,70,0.425
7,899,25.6,1,60,0.387
7,703,26.3,1,59,0.358
7,486,27.1,0,58,0.356
7,275,25.9,1,61,0.277
7,544,26.6,1,59,0.197
7,543,27,1,58,0.09
7,379,25.8,1,61,0.039
7,248,24.9,0,62,0.02
7,180,23.7,0,66,0.015
7,21,21.6,0,73,0
7,0,19.8,0,78,0
7,0,19,0,81,0
7,0,18.5,0,79,0
7,0,18.4,1,79,0
7,0,18.6,0,81,0
7,0,18.7,0,83,0
7,0,19,0,83,0
7,0,18.8,0,88,0
7,7,18.9,1,89,0
7,49,18.9,0,92,0.104
7,79,19.8,0,89,0.218
7,295,22.3,2,79,0.299
7,483,25.3,1,69,0.325
7,679,26.7,6,58,0.365
7,770,27.3,5,58,0.324
7,846,27.9,4,58,0.304
7,873,29.2,5,52,0.275
7,840,30.3,3,44,0.227
7,732,30.9,2,41,0.165
7,663,30.6,2,40,0.076
7,390,30.1,2,34,0.014
7,265,29.7,2,36,0.015
7,151,28.1,0,47,0.013
7,6,25.8,0,56,0.005
7,0,18.1,3,84,0
7,0,18.6,4,88,0
7,0,19.5,1,85,0
7,0,18.8,0,85,0
7,0,18.2,0,90,0
7,0,18.4,0,89,0
7,0,19.8,6,82,0
7,0,18.8,0,91,0
7,2,18.6,0,94,0
7,30,18.8,1,94,0.012
7,43,19.4,0,92,0.071
7,100,20.3,0,92,0.13
7,104,20.7,1,86,0.057
7,148,21.7,0,86,0.082
7,285,22.3,0,81,0.379
7,408,24.6,1,75,0.372
7,782,25.9,2,67,0.311
7,347,25.7,1,66,0.186
7,436,26.3,3,62,0.175
7,361,26.1,2,63,0.124
7,313,25.9,1,57,0.069
7,112,24.9,0,59,0.047
7,19,23.4,1,67,0.003
7,1,22,1,77,0
7,0,20.5,0,86,0
7,0,20.2,0,88,0
7,0,19.6,0,88,0
7,0,19.1,0,89,0
7,0,18.2,0,91,0
7,0,17.6,0,92,0
7,0,17.3,0,93,0
7,0,17.2,0,95,0
7,0,17.3,0,95,0
7,50,17.4,0,95,0.086
7,105,18.1,0,94,0.07
7,195,19.2,0,90,0.146
7,386,20.7,1,84,0.263
7,688,23.1,1,74,0.38
7,339,23.2,1,73,0.153
7,406,23.5,1,72,0.207
7,394,24.2,1,69,0.168
7,102,23.1,1,73,0.088
7,57,20.1,2,90,0.033
7,100,20.4,0,92,0.061
7,57,18.6,0,88,0.029
7,36,18.6,0,89,0.014
7,27,18.6,0,89,0.005
7,15,18.4,0,91,0.001
7,0,18.1,0,92,0
7,0,18,0,92,0
7,0,17.8,0,92,0
7,0,17.7,0,93,0
7,0,17.2,0,93,0
7,0,17.6,0,94,0
7,0,17.9,0,94,0
7,0,17.7,0,93,0
7,5,17.4,0,93,0.001
7,14,17.2,0,92,0.013
7,72,17.4,1,91,0.234
7,104,17.9,0,91,0.381
7,495,20.8,0,81,0.375
7,508,21,1,79,0.398
7,321,22,0,76,0.388
7,841,24.1,1,67,0.355
7,226,22.8,0,73,0.261
7,387,24.2,1,67,0.28
7,408,24.7,1,64,0.183
7,356,24.8,1,65,0.122
7,64,23.7,0,68,0.066
7,178,24.1,0,66,0.034
7,61,23.7,0,66,0.01
7,17,22.6,0,75,0
7,0,19.4,3,87,0
7,0,18.3,0,89,0
7,0,17.8,0,90,0
7,0,17.2,0,91,0
7,0,16.6,0,93,0
7,0,16.2,0,94,0
7,0,15.8,0,94,0
7,0,15.6,0,95,0
7,5,15,0,94,0.013
7,18,14.5,0,94,0.02
7,68,15.2,0,92,0.035
7,141,16.2,0,89,0.067
7,198,17.8,0,84,0.222
7,429,19.8,0,78,0.406
7,798,22.8,0,69,0.373
7,698,24.2,0,65,0.33
7,871,25.8,0,62,0.294
7,817,26.2,0,62,0.231
7,727,26.7,0,59,0.161
7,618,26.7,0,57,0.06
7,269,26.3,0,58,0.015
7,262,24.9,0,64,0.01
7,158,23.6,0,68,0.004
7,15,21,0,76,0
7,0,19.7,0,78,0
7,0,19.3,0,79,0
7,0,18.8,0,81,0
7,0,17.8,0,84,0
7,0,17.1,0,87,0
7,0,16.7,0,88,0
7,0,16.2,0,89,0
7,0,15.8,0,91,0
7,6,15.8,0,91,0
7,39,16.3,0,90,0.015
7,65,17,0,89,0.036
7,110,17.9,0,88,0.087
7,186,19.5,0,85,0.117
7,363,21.6,0,79,0.416
7,762,23.6,0,74,0.415
7,870,26.3,0,65,0.363
7,438,25.4,0,67,0.29
7,812,27.3,1,60,0.234
7,815,27,1,59,0.178
7,617,26.4,1,61,0.064
7,259,26.3,0,60,0.018
7,300,25.3,0,63,0.012
7,140,23.6,0,65,0.006
7,20,21.4,0,75,0
7,0,19.8,0,83,0
7,0,19.2,0,84,0
7,0,18.8,0,86,0
7,0,18.4,0,87,0
7,0,18.3,0,88,0
7,0,18.2,0,89,0
7,0,17.8,0,90,0
7,0,17,0,91,0
7,7,16.7,0,93,0.002
7,41,17.4,0,92,0.029
7,99,17.9,0,90,0.075
7,162,18.8,0,88,0.361
7,488,21.2,0,80,0.362
7,679,24,0,71,0.346
7,784,25.6,0,61,0.335
7,841,27.4,0,54,0.317
7,858,27.5,1,51,0.282
7,825,27,2,47,0.231
7,754,27.1,1,47,0.166
7,637,26.4,1,43,0.061
7,193,25.6,1,47,0.013
7,252,24,1,53,0.009
7,137,22.4,0,65,0.003
7,19,20.6,0,76,0
7,0,19.2,0,84,0
7,0,18.5,0,84,0
7,0,18.3,0,83,0
7,0,18,0,85,0
7,0,17.9,0,87,0
7,0,17.8,0,87,0
7,0,17.6,0,89,0
7,0,17.6,0,89,0
7,6,17.1,0,91,0.02
7,46,17.7,0,91,0.074
7,59,18.3,0,89,0.041
7,213,19.2,0,85,0.182
7,321,21.4,0,78,0.375
7,568,23.2,0,72,0.352
7,704,25.7,1,55,0.399
7,826,26.5,1,53,0.361
7,800,27.1,1,51,0.287
7,901,27.8,1,48,0.246
7,398,25.6,0,52,0.192
7,339,25.3,0,51,0.094
7,181,24.5,0,55,0.07
7,115,23.1,0,63,0.041
7,57,21.5,0,69,0.025
7,7,20.6,0,75,0
7,0,20.3,0,78,0
7,0,19.6,0,82,0
7,0,19.1,0,79,0
7,0,18.9,0,77,0
7,0,18.7,0,77,0
7,0,18.3,0,80,0
7,0,17.9,0,86,0
7,0,17.8,0,86,0
7,1,17.5,0,86,0
7,18,17.4,0,87,0.019
7,83,17.9,0,86,0.036
7,203,18.9,0,85,0.314
7,416,21,0,78,0.346
7,652,23.2,0,65,0.32
7,749,25.5,0,58,0.316
7,815,27.2,1,53,0.3
7,587,27.1,1,51,0.289
7,449,27.8,0,47,0.252
7,93,26.4,0,49,0.056
7,219,26.6,0,51,0.085
7,251,27.9,0,45,0.07
7,150,27.7,0,46,0.04
7,37,25.1,1,64,0
7,2,23.7,1,70,0
7,0,22.7,0,73,0
7,0,22.1,0,77,0
7,0,21.1,0,82,0
7,0,20.2,0,83,0
7,0,19.2,0,86,0
7,0,18.7,0,88,0
7,0,18.4,0,88,0
7,0,17.7,0,88,0
7,2,16.7,0,90,0.003
7,36,17.1,0,87,0.103
7,118,19.4,0,78,0.249
7,183,20.1,0,76,0.335
7,312,21.4,0,73,0.345
7,395,22.3,1,69,0.354
7,327,22.4,0,68,0.345
7,525,23.6,0,64,0.346
7,185,22.6,1,64,0.288
7,308,22.9,0,60,0.124
7,189,22.9,0,59,0.115
7,168,21.9,2,72,0.066
7,151,20.9,5,79,0.057
7,125,20.9,5,78,0.057
7,28,19.7,3,81,0.007
7,11,18.8,3,84,0
7,0,17.8,4,88,0
7,0,17.3,2,89,0
7,0,17.3,0,87,0
7,0,16.6,0,88,0
7,0,16.4,0,90,0
7,0,16.8,0,91,0
7,0,16.4,0,92,0
7,0,16.2,0,92,0
7,1,16.1,0,91,0
7,11,15.8,0,91,0
7,23,16.2,0,89,0.018
7,254,17.2,0,78,0.333
7,419,19.4,0,64,0.412
7,302,19.7,0,63,0.299
7,384,20.3,0,62,0.435
7,843,23.1,0,55,0.41
7,940,23.8,0,52,0.33
7,790,22.2,1,55,0.298
7,174,19.6,0,71,0.141
7,208,19.8,0,66,0.083
7,223,20.3,1,58,0.071
7,68,19.2,0,62,0.034
7,15,16.2,0,83,0.008
7,0,14.9,0,90,0
7,0,15.2,0,89,0
7,0,15,0,91,0
7,0,14.7,0,93,0
7,0,14.8,1,94,0
7,0,15.1,0,95,0
7,0,15.1,0,95,0
7,0,15.2,0,95,0
7,0,15.3,0,96,0
7,0,15.4,0,96,0
7,16,15.2,1,95,0
7,67,15.7,0,96,0.044
7,134,16.3,0,94,0.267
7,289,18.4,0,86,0.374
7,305,19.2,1,79,0.362
7,291,19.9,0,70,0.241
7,823,23.3,0,58,0.395
7,841,24.9,1,48,0.277
7,809,25.8,0,45,0.226
7,723,26.1,1,45,0.185
7,593,26.3,1,39,0.066
7,82,26.7,1,41,0.015
7,120,24.6,1,47,0.017
7,67,23.9,0,52,0.007
7,11,20.4,3,73,0
7,0,18.6,3,83,0
7,0,17.8,0,85,0
7,0,16.9,0,87,0
7,0,16.8,0,86,0
7,0,17.1,0,82,0
7,0,17.2,0,81,0
7,0,17,0,73,0
7,0,16.1,0,73,0
7,3,15.1,0,75,0.004
7,27,14.8,0,78,0.178
7,72,15.8,0,75,0.265
7,364,17.7,0,68,0.325
7,540,19.3,0,61,0.388
7,356,19.7,1,59,0.432
7,411,20.1,1,60,0.42
7,836,21.2,2,55,0.359
7,842,22.6,2,50,0.28
7,806,23.2,2,49,0.24
7,710,24.2,1,48,0.157
7,525,24.3,1,47,0.077
7,124,24.2,1,48,0.039
7,218,24.6,0,48,0.022
7,111,22.7,1,62,0.007
7,10,20.2,0,71,0
7,0,18.6,0,79,0
7,0,17.9,1,83,0
7,0,16.7,1,87,0
7,0,16.1,0,90,0
7,0,15.8,0,91,0
7,0,15.4,0,91,0
7,0,15.1,0,91,0
7,0,14.4,0,91,0
7,3,14.1,0,91,0.007
7,35,14.1,0,92,0.117
7,72,15,0,90,0.232
7,368,17.4,0,81,0.306
7,482,19.6,0,71,0.322
7,549,20.6,1,63,0.351
7,760,22.6,2,58,0.34
7,791,22.9,2,57,0.328
7,825,24,2,54,0.306
7,690,24,2,54,0.254
7,584,23.9,2,57,0.19
7,522,24.1,2,55,0.111
7,205,22.4,1,62,0.057
7,181,22,1,64,0.051
7,88,20.4,1,71,0.012
7,17,19.2,0,76,0
7,0,18.2,0,81,0
7,0,17.3,0,84,0
7,0,16.9,0,86,0
8,0,16.4,0,87,0
8,0,16.1,0,88,0
8,0,15.3,0,89,0
8,0,14.9,0,91,0
8,0,14.2,0,93,0
8,5,13.9,0,94,0.013
8,36,14.2,1,95,0.133
8,126,15.6,1,93,0.146
8,120,16.3,0,91,0.143
8,259,18.4,1,83,0.361
8,523,20.8,2,65,0.439
8,772,21.8,3,60,0.406
8,445,21.7,2,60,0.344
8,609,22.3,2,57,0.31
8,843,22.4,3,56,0.269
8,698,23,2,54,0.178
8,468,22.2,2,57,0.081
8,174,22.1,2,57,0.036
8,168,21.3,1,62,0.021
8,53,19.2,1,68,0.015
8,4,18.3,0,72,0
8,0,17,1,78,0
8,0,15.9,0,83,0
8,0,15.9,0,84,0
8,0,15.7,2,87,0
8,0,15.2,0,91,0
8,0,15.1,0,94,0
8,0,15.1,0,94,0
8,0,15.3,0,95,0
8,0,15.1,0,94,0
8,18,15.2,0,94,0.004
8,97,16.1,0,93,0.114
8,137,17.5,0,89,0.116
8,227,18.1,0,88,0.281
8,310,19.5,1,84,0.414
8,775,21.6,2,69,0.391
8,508,22.7,1,66,0.354
8,285,22.1,3,66,0.301
8,365,22.1,3,65,0.268
8,258,21.4,3,69,0.227
8,260,20.5,3,72,0.107
8,121,19.9,2,73,0.062
8,180,20.4,2,72,0.047
8,131,19.6,2,72,0.008
8,10,17.9,2,80,0
8,0,16.8,1,85,0
8,0,15.9,1,86,0
8,0,15.4,0,87,0
8,0,15,0,89,0
8,0,14.4,0,91,0
8,0,13.8,0,92,0
8,0,13.5,0,93,0
8,0,12.9,0,92,0
8,2,11.8,0,92,0.004
8,28,12.1,0,93,0.163
8,65,14.2,0,86,0.263
8,359,16.7,0,74,0.307
8,454,18.4,1,70,0.362
8,662,19.8,1,59,0.403
8,800,20.8,2,54,0.394
8,866,21.8,2,49,0.378
8,768,22.1,2,50,0.329
8,444,21.6,3,52,0.282
8,758,22.2,2,53,0.196
8,643,22.7,2,48,0.088
8,111,21.9,2,50,0.025
8,251,21.8,2,47,0.01
8,121,19.9,1,50,0.002
8,9,17.8,1,60,0
8,0,16.3,0,73,0
8,0,15.4,0,78,0
8,0,14.9,2,79,0
8,0,13.8,0,82,0
8,0,13.7,0,83,0
8,0,12.8,0,86,0
8,0,12.6,0,87,0
8,0,11.7,0,90,0
8,3,11.6,0,90,0
8,46,12.5,0,91,0.059
8,123,14,0,88,0.238
8,300,16.5,0,81,0.318
8,508,18.6,0,71,0.429
8,343,19.4,1,62,0.294
8,579,20.6,2,54,0.411
8,297,20.6,1,58,0.392
8,346,21.6,1,49,0.329
8,160,20.9,1,54,0.276
8,376,21.1,2,53,0.167
8,249,20.4,1,52,0.1
8,221,20.7,1,55,0.063
8,175,21.8,1,58,0.037
8,85,20.3,1,61,0.008
8,8,18.2,0,69,0
8,0,16.9,0,74,0
8,0,15.7,0,79,0
8,0,15.1,0,82,0
8,0,14.3,0,85,0
8,0,13.8,0,87,0
8,0,13.1,0,88,0
8,0,12.4,0,90,0
8,0,12.1,0,92,0
8,1,11.8,0,93,0.004
8,26,12.2,0,92,0.148
8,66,13.8,0,93,0.232
8,358,17.6,0,81,0.303
8,487,18.9,1,74,0.322
8,536,21.1,1,58,0.355
8,358,21.2,1,59,0.294
8,284,22.1,2,58,0.41
8,518,23,2,54,0.306
8,244,22.8,2,55,0.272
8,621,23.3,3,55,0.177
8,345,23.3,2,54,0.103
8,192,22.8,1,55,0.061
8,123,21.5,1,63,0.035
8,82,20.4,1,68,0.015
8,5,19,1,72,0
8,0,18.2,2,76,0
8,0,17.3,3,79,0
8,0,16.8,3,83,0
8,0,17.2,3,83,0
8,0,17.9,5,79,0
8,0,16.7,0,87,0
8,0,16.3,2,90,0
8,0,16.3,3,93,0
8,0,16.4,3,94,0
8,16,16.9,3,95,0.006
8,12,16.5,2,94,0.009
8,36,16.2,4,95,0.022
8,89,16.7,2,95,0.186
8,157,18.1,0,93,0.272
8,558,19.9,2,84,0.406
8,264,20.3,1,81,0.344
8,829,22.7,2,68,0.333
8,637,23.4,2,62,0.254
8,510,23.9,2,57,0.16
8,494,24.6,2,57,0.092
8,155,23.5,1,61,0.041
8,142,22.6,1,73,0.042
8,82,21.3,1,76,0.005
8,4,19.9,0,81,0
8,0,18.8,0,85,0
8,0,18,1,87,0
8,0,17.4,0,88,0
8,0,17.1,0,89,0
8,0,16.4,0,91,0
8,0,16.1,0,89,0
8,0,15.5,0,89,0
8,0,15.3,0,89,0
8,0,15.2,0,90,0
8,21,14.8,0,91,0.144
8,54,16.1,0,90,0.232
8,353,18.5,0,82,0.283
8,505,21.1,0,72,0.311
8,658,22.4,0,64,0.35
8,516,22.8,1,60,0.376
8,666,24,0,58,0.357
8,734,24.9,0,54,0.326
8,894,25.4,2,49,0.249
8,765,25.9,1,45,0.182
8,307,24.7,1,48,0.086
8,136,24.3,0,58,0.058
8,260,24.5,2,54,0.051
8,127,23.6,1,57,0.034
8,5,21.6,1,64,0
8,0,20,1,69,0
8,0,19,1,72,0
8,0,18.1,1,77,0
8,0,17.4,1,84,0
8,0,16.9,0,89,0
8,0,16.9,0,87,0
8,0,16.8,0,89,0
8,0,16.4,0,90,0
8,0,15.7,0,92,0
8,31,16.1,0,93,0.024
8,101,17.4,0,91,0.088
8,98,18.1,0,89,0.051
8,59,17.6,0,93,0.067
8,224,19.6,0,90,0.118
8,297,21.2,0,82,0.173
8,371,21.9,1,76,0.318
8,52,18.6,3,92,0.053
8,194,19.4,1,92,0.184
8,81,19.8,0,92,0.059
8,145,19.8,0,92,0.082
8,131,19.8,0,90,0.056
8,73,19.9,0,90,0.032
8,27,19.6,0,91,0.009
8,0,18.8,0,91,0
8,0,18,1,90,0
8,0,16.5,1,94,0
8,0,14.8,3,93,0
8,0,13.9,2,95,0
8,0,14.2,2,95,0
8,0,13.8,1,95,0
8,0,13.9,1,95,0
8,0,13.7,1,95,0
8,0,13.2,1,95,0.002
8,20,13.2,1,95,0.152
8,67,13.9,2,95,0.258
8,319,15.8,1,90,0.311
8,531,17.2,3,84,0.373
8,306,17.6,3,74,0.389
8,483,18.8,3,67,0.398
8,755,20.6,3,61,0.377
8,757,21.6,2,53,0.305
8,590,20.6,2,63,0.264
8,678,21.2,3,57,0.199
8,340,20.2,2,58,0.094
8,222,19.3,2,65,0.07
8,191,19.3,2,65,0.04
8,29,17.8,0,67,0.015
8,2,16.9,1,69,0
8,0,16.1,2,74,0
8,0,15.8,4,77,0
8,0,15.9,4,80,0
8,0,15.8,3,83,0
8,0,14.6,2,92,0
8,0,14.2,0,94,0
8,0,14.3,1,93,0
8,0,15.2,4,94,0
8,0,15.6,5,94,0
8,17,16.2,4,95,0.003
8,38,16.7,6,95,0.017
8,28,17,7,94,0.014
8,67,17.2,7,94,0.081
8,73,17.8,5,93,0.068
8,46,17.4,4,95,0.039
8,127,18.3,4,95,0.183
8,176,18.6,3,92,0.287
8,565,19.2,5,80,0.283
8,438,17.8,4,82,0.205
8,443,18.8,4,75,0.08
8,272,18.9,6,64,0.052
8,192,18.9,4,61,0.036
8,108,18.1,3,60,0.004
8,2,16.6,1,68,0
8,0,16.1,2,76,0
8,0,15.7,3,78,0
8,0,15.1,2,75,0
8,0,14.3,3,74,0
8,0,13.7,3,76,0
8,0,13.1,2,79,0
8,0,12.8,1,80,0
8,0,12.4,1,82,0
8,0,12.4,1,84,0
8,21,13,2,84,0.157
8,68,14.4,1,81,0.25
8,355,16.4,3,74,0.319
8,445,17.6,3,71,0.394
8,405,17.6,4,66,0.405
8,793,19.2,3,64,0.404
8,183,15.4,3,79,0.403
8,705,17.7,3,81,0.341
8,277,17.9,4,71,0.266
8,84,15.4,2,85,0.044
8,86,13.9,2,87,0.056
8,201,15.2,1,87,0.075
8,181,16.6,2,81,0.05
8,81,15.9,1,84,0.005
8,1,14.9,1,85,0
8,0,14.8,1,84,0
8,0,13.4,2,82,0
8,0,12.6,0,87,0
8,0,12.8,0,90,0
8,0,12.6,1,90,0
8,0,12.3,1,89,0
8,0,12.1,2,88,0
8,0,11.8,1,88,0
8,0,11.9,2,87,0
8,39,12.3,1,86,0.145
8,78,13.4,2,82,0.248
8,341,15.3,3,78,0.335
8,497,16.6,3,66,0.377
8,480,17.3,3,62,0.414
8,633,18.4,3,57,0.387
8,611,19.3,3,60,0.373
8,784,19.6,2,58,0.371
8,449,19.2,3,58,0.266
8,351,18.8,3,60,0.194
8,225,18.3,3,61,0.09
8,256,18.5,4,59,0.068
8,190,18.3,3,60,0.037
8,33,16.4,1,68,0.004
8,2,15.6,1,72,0
8,0,14.8,0,75,0
8,0,13.8,1,80,0
8,0,13.4,1,82,0
8,0,12.9,0,84,0
8,0,12.6,0,86,0
8,0,12.2,1,88,0
8,0,11.5,0,89,0
8,0,11.4,0,90,0
8,0,11.2,0,90,0
8,20,11.1,0,91,0.153
8,86,12.7,1,89,0.247
8,353,14.6,2,84,0.299
8,506,16.5,2,77,0.331
8,662,18.1,3,68,0.393
8,444,18.7,2,61,0.408
8,542,19.6,3,57,0.372
8,252,19.5,2,58,0.363
8,229,19.9,2,56,0.24
8,783,21.4,3,55,0.216
8,298,20.3,2,58,0.074
8,327,18.8,1,75,0.069
8,110,19.8,0,66,0.033
8,27,18.1,1,69,0.018
8,0,16.2,0,85,0
8,0,15.5,0,86,0
8,0,15.2,0,85,0
8,0,14.3,0,85,0
8,0,14,0,86,0
8,0,13.9,0,87,0
8,0,13.9,0,88,0
8,0,13.6,0,89,0
8,0,13.4,0,89,0
8,0,13.2,0,89,0
8,17,12.6,0,90,0.143
8,74,13.6,0,89,0.255
8,190,15.3,0,83,0.109
8,112,15.4,0,86,0.117
8,367,17.6,1,79,0.448
8,427,18.6,1,69,0.378
8,101,16.3,2,76,0.388
8,245,16.3,0,91,0.32
8,305,17.3,1,84,0.306
8,135,16.2,2,83,0.109
8,92,15.3,1,86,0.098
8,132,15.4,0,87,0.06
8,146,16.3,0,83,0.032
8,18,14.8,0,86,0.002
8,0,14.4,0,89,0
8,0,14.2,0,90,0
8,0,13.7,0,91,0
8,0,13.5,0,91,0
8,0,12.8,0,91,0
8,0,12.5,0,93,0
8,0,12.6,0,92,0
8,0,12.6,0,91,0
8,0,12,0,92,0
8,0,12.4,0,91,0
8,9,12.6,1,91,0
8,56,13.1,0,91,0.024
8,62,13.8,1,90,0.051
8,361,15.9,0,86,0.386
8,151,14.6,1,92,0.104
8,100,14.9,0,91,0.103
8,224,16,1,82,0.305
8,423,17.9,1,74,0.307
8,254,18.6,0,67,0.323
8,146,16.8,0,82,0.097
8,201,18.3,0,76,0.092
8,90,18.1,0,71,0.052
8,51,17.2,0,73,0.021
8,29,16.6,0,79,0.007
8,0,15.6,0,80,0
8,0,15,0,81,0
8,0,14.6,0,81,0
8,0,14.2,0,84,0
8,0,13.5,0,88,0
8,0,12.8,0,90,0
8,0,12.7,0,91,0
8,0,11.8,0,91,0
8,0,11.3,0,93,0
8,0,10.9,0,93,0
8,19,10.9,0,93,0.166
8,76,12.4,0,90,0.2
8,148,13.6,0,86,0.164
8,506,15.7,1,78,0.357
8,584,17.2,2,68,0.391
8,586,17.6,2,62,0.398
8,560,18.6,1,63,0.369
8,303,18.3,2,59,0.348
8,306,18.9,2,58,0.301
8,615,19.7,4,57,0.21
8,293,19.3,3,56,0.111
8,142,18.7,3,56,0.059
8,93,18.2,2,65,0.035
8,29,17.2,2,72,0.009
8,0,16.2,1,78,0
8,0,15.7,2,68,0
8,0,14.3,0,73,0
8,0,14.4,1,73,0
8,0,14.6,1,72,0
8,0,14.5,2,72,0
8,0,14.2,1,73,0
8,0,14.2,1,73,0
8,0,14.1,2,74,0
8,0,13.9,1,76,0
8,14,13.7,2,81,0
8,36,14,2,82,0.008
8,65,14.3,2,81,0.039
8,124,14.8,2,81,0.328
8,350,16.4,4,75,0.296
8,384,17,4,74,0.275
8,195,15.4,3,88,0.23
8,764,18.3,3,72,0.327
8,199,15.5,3,90,0.2
8,457,17.8,3,77,0.184
8,626,19.4,4,63,0.07
8,234,19,4,54,0.034
8,152,18.4,3,54,0.041
8,77,17.4,2,57,0.016
8,0,15.3,1,65,0
8,0,14.3,1,68,0
8,0,13.3,1,68,0
8,0,12.7,2,77,0
8,0,12.1,2,82,0
8,0,11.6,2,86,0
8,0,11.2,1,89,0
8,0,10.8,2,88,0
8,0,10.4,2,88,0
8,0,10.1,2,88,0
8,20,10.4,3,87,0.009
8,77,11.1,2,85,0.263
8,182,12.7,2,81,0.384
8,240,13.9,3,77,0.354
8,402,15.4,2,74,0.439
8,379,16.3,2,69,0.396
8,467,17.9,2,64,0.391
8,396,18.4,2,62,0.353
8,775,19.3,1,56,0.269
8,166,18.4,1,59,0.232
8,146,17.5,0,66,0.08
8,204,17.4,1,65,0.057
8,247,18.2,1,56,0.024
8,12,14.7,1,79,0.002
8,0,14.1,0,80,0
8,0,13.8,0,83,0
8,0,13.1,0,84,0
8,0,12.8,0,87,0
8,0,12.2,0,87,0
8,0,12.1,0,79,0
8,0,11.7,0,78,0
8,0,10.4,0,80,0
8,0,10.2,1,80,0
8,0,10,1,82,0
8,18,10.1,1,82,0.097
8,88,10.9,2,80,0.273
8,181,11.6,2,77,0.336
8,374,13.2,3,70,0.406
8,295,13.8,2,66,0.424
8,484,14.8,3,60,0.407
8,575,16,3,56,0.381
8,437,16,3,56,0.329
8,303,16.1,3,54,0.289
8,658,17.3,2,51,0.194
8,278,17,1,52,0.087
8,276,16.9,2,53,0.05
8,79,15.2,1,62,0.009
8,56,14.6,1,67,0.007
8,0,13,0,72,0
8,0,11.8,0,79,0
8,0,10.7,0,83,0
8,0,10.2,0,84,0
8,0,9.7,0,86,0
8,0,9.1,0,87,0
8,0,8.3,0,88,0
8,0,7.7,0,91,0
8,0,7.4,0,91,0
8,0,7.1,0,91,0
8,17,6.9,0,92,0.135
8,72,8.4,0,91,0.228
8,325,11.6,0,83,0.296
8,465,13.8,1,73,0.343
8,629,15.2,2,65,0.367
8,737,16.4,1,57,0.352
8,653,17.2,2,49,0.374
8,469,16.8,1,52,0.353
8,258,16.6,1,54,0.201
8,215,16.6,1,54,0.209
8,204,16.6,1,53,0.07
8,274,17.7,2,46,0.054
8,136,16.4,1,48,0.013
8,33,15.2,0,55,0.005
8,0,13.9,0,61,0
8,0,13.2,0,64,0
8,0,11.5,0,72,0
8,0,10.8,0,76,0
8,0,10,0,78,0
8,0,9.3,0,81,0
8,0,8.6,0,84,0
8,0,7.9,0,87,0
8,0,7.6,0,88,0
8,0,6.7,0,90,0
8,15,6.8,0,92,0.094
8,66,8.3,0,90,0.202
8,328,11.1,0,86,0.287
8,487,14.1,1,70,0.319
8,633,15.5,2,67,0.342
8,445,15.7,2,61,0.353
8,264,15.6,2,58,0.325
8,835,17.4,3,51,0.264
8,222,16.8,2,55,0.198
8,190,16.1,2,60,0.081
8,285,16.6,2,60,0.09
8,180,16.1,2,63,0.057
8,56,15.4,1,66,0.037
8,21,14.9,1,70,0.009
8,0,14.3,1,71,0
8,0,13.9,1,73,0
8,0,13.7,1,75,0
8,0,13.7,1,76,0
8,0,13.5,0,79,0
8,0,13.2,0,81,0
8,0,12.8,0,83,0
8,0,12,1,86,0
8,0,11.6,1,86,0
8,0,11.7,0,87,0
8,16,12,0,87,0.002
8,80,12.8,0,86,0.06
8,148,13.6,1,84,0.07
8,245,14.4,2,81,0.118
8,271,15.3,2,77,0.175
8,362,16.1,2,71,0.26
8,768,17.7,2,63,0.324
8,543,17.8,2,58,0.293
8,341,18.6,2,58,0.223
8,667,19.6,3,49,0.166
8,255,18.9,2,47,0.089
8,203,18.6,1,48,0.033
8,164,18.2,1,50,0.035
8,23,16.5,0,58,0.009
8,0,15.2,0,68,0
8,0,13.7,0,76,0
8,0,12.7,1,83,0
8,0,12.2,0,88,0
8,0,11.4,0,88,0
8,0,10.7,0,90,0
8,0,10.3,0,90,0
8,0,9.8,0,89,0
8,0,10.1,0,87,0
8,0,9.8,0,86,0
8,13,9.4,0,88,0.065
8,53,10.1,0,88,0.219
8,288,12.4,0,81,0.281
8,479,14.1,1,73,0.318
8,383,14.9,2,67,0.325
8,327,15.7,2,61,0.325
8,512,16.6,2,55,0.257
8,291,16,3,56,0.181
8,385,17.5,3,53,0.212
8,659,18.3,3,43,0.159
8,177,17.1,2,46,0.061
8,183,17.1,2,46,0.049
8,133,16.2,2,52,0.02
8,37,14.2,0,65,0.001
8,0,12.8,0,68,0
8,0,12,0,72,0
8,0,10.6,0,78,0
8,0,10.6,0,78,0
8,0,10.1,0,80,0
8,0,9.4,0,83,0
8,0,8.7,0,86,0
8,0,8.6,0,87,0
8,0,8.1,0,89,0
8,0,7.6,0,90,0
8,18,7.8,0,91,0.075
8,66,8.7,0,89,0.227
8,231,11.2,0,83,0.236
8,414,13.9,0,74,0.275
8,492,15.3,0,64,0.3
8,568,16.1,1,58,0.342
8,556,17.3,1,52,0.261
8,850,18.6,1,48,0.313
8,316,17.4,1,52,0.181
8,238,17.4,0,51,0.092
8,227,17.5,0,53,0.083
8,171,17,1,56,0.056
8,103,16.2,1,59,0.033
8,31,15.2,0,64,0.006
8,0,14.3,0,70,0
8,0,13.3,1,75,0
8,0,13.2,1,78,0
8,0,13.1,1,78,0
8,0,13.2,0,77,0
8,0,13,1,78,0
8,0,12.4,1,80,0
8,0,12.7,2,82,0
8,0,13,0,81,0
8,0,13.5,1,80,0
8,2,14.3,4,82,0
8,29,13.4,4,87,0.009
8,32,13.7,5,92,0.011
8,30,14.2,4,94,0.012
8,48,14.4,4,94,0.029
8,53,14.7,5,95,0.026
8,56,14.9,5,95,0.025
8,66,15.7,3,95,0.031
8,71,15.9,3,95,0.031
8,61,15.8,4,95,0.028
8,100,15.9,4,95,0.046
8,65,15.4,5,95,0.026
8,27,15.7,2,95,0.007
8,14,15.9,2,96,0
8,0,16.1,0,96,0
8,0,15.3,1,95,0
8,0,15.3,1,96,0
8,0,15.2,1,96,0
8,0,15.1,1,96,0
8,0,15.1,0,96,0
8,0,15.1,0,96,0
8,0,15.1,0,96,0
8,0,15.1,0,96,0
8,0,15.1,0,96,0
8,5,15.1,0,96,0
8,27,15.3,0,96,0.007
8,48,15.5,0,97,0.017
8,38,15.4,0,96,0.03
8,103,16.3,0,97,0.056
8,139,15.7,0,96,0.063
8,146,16.1,0,96,0.064
8,176,16.2,0,94,0.085
8,192,15.8,0,94,0.093
8,117,15.2,0,95,0.071
8,84,14.9,0,95,0.055
8,81,14.5,0,95,0.041
8,34,14.6,0,95,0.031
8,0,14.4,0,95,0.009
8,0,14.1,0,95,0
8,0,14.1,0,95,0
8,0,13.8,0,94,0
8,0,13.4,0,94,0
